title,date,rating,review,isEdited,userName
เป็นบริการที่ดีมากค่ะ,2017-06-17 09:52:50,5,มีร้านให้เลือกเยอะ สะดวก รวดเร็ว,FALSE,Yliopp
คนขับและ Help center แย่มาก,2019-10-23 09:29:39,5,ปกติสั่งอาหารแล้วดูเวลาที่อาหารจะมาถึงตลอด ครั้งนี้เลือกจ่ายผ่านบัตรและทางแอพได้ตัดเงินค่าอาหารไปแล้ว ติดตามแอพล่าสุดคือเหลืออีก 7 นาที แล้วอยู่ดีๆก็มีข้อความยกเลิกออเดอร์แจ้งว่าไม่พบลูกค้า ทั้งๆที่คนขับยังไม่ได้มีการโทรคอนเฟิร์มเลยว่าอาหารมาถึงแล้วและลูกค้ารออยู่ตำแหน่งไหน ซึ่งโดยปกติแล้วคนขับของทุกแอพรวมถึงแอพนี้ด้วยจะมีการโทรมาก่อนทุกครั้ง ติดต่อ Help center ไปก็บอกว่าไม่รับผิดชอบเพราะคนขับไม่สามารถรอนานได้ ทั้งๆที่คนขับมารอจริงรึเปล่าไม่รู้,FALSE,Tung2504
Great service,2017-05-28 03:19:55,4,Great service.quick delivery,FALSE,jammy o
Fame,2020-03-13 04:04:39,5,Good job fast work low price,FALSE,fame??
ช้าอ่ะ,2019-03-06 07:03:24,1,คือบอกเวลาว่า 40-50 นาที ก้ควรจะตามนั้น ถ้านานแบบ 1-2 ชม ก้บอกลูกค้ามาเลย อย่าโกงเวลา เพราะลูกค้าเค้ารับได้ถ้านานแต่บอกก่อนแล้ว ไม่ใช่บอกว่าเร็วแต่กลับช้ามาก แล้วนานเดินไปก้ยกเลิกอาหารไม่ได้อีก รอนานจนไส้จะขาด,FALSE,Au5802Au
การจัดส่งแย่มากๆๆๆๆ,2019-02-19 06:33:29,1,สั่งซื้อน้ำปั่นผ่านแอพ3รอบ น้ำหกเละเทะทั้ง3รอบ มาถึงน้ำเหลือครึ่งแก้วตลอด ไม่มีความรับผิดชอบใดๆโทรหาทางแอพก็ให้แชทไปแจ้งปัญหา มันใช่เรื่องไหม?  ไรเดอร์ส่งอาหารก็ไม่มีการรับผิดชอบอะไร วิ่งหนีอย่างเดียว ใครคิดจะใช้บริการแอพนี้ ควรคิดให้ดีๆนะคะ ผิดหวังมากๆๆๆๆ แย่ แย่ โคตรแย่!!!,FALSE,กาญ1
นานชิบหาย ห่วยแตก,2019-11-06 09:29:38,1,"กุสั่งแค่ชานมให้กุรอเป็นชั่วโมง กุก็รอ แต่ไม่เห็นมีไอห่าไหนไปรับ แล้วเมื่อไหร่กุจะได้แดก รอพ่อรอแม่มึงหรอ1-2ชั่วโมง ทั้งๆที่ในแอปบอก50นาที กุก็ยอมรอ

ส่วนไอพวกโลกสวยทถ้ามึงจะมาบอกว่ากุสั่งน้อย เค้าเลยไม่รับ กุบอกได้เลยว่า วันหลังให้กำหนดขั้นต่ำสั่ง ขั้นต่ำราคาไว้เลย และตอนที่กุสั่งก็ส่งฟรี เพราะฉะนั้นไม่ว่ากุจะสั่งมากน้อยถูกแพง ยังไงก็ส่งฟรี ซึ่งเงินที่กุจ่ายมีแค่ค่าอาหารเท่านั้นไม่มีค่าส่ง 

กุแคนเซิลออเดอร์เพราะความช้าของมึง มึงแคลเซิลไป2รอบ เพราะช้าแม่งทั้ง2รอบ  มึงยังมีหน้ามาบอกว่า ถ้ากุแคนเซิลจะไม่สามารถจ่ายเงินปลายทางได้ โถไอสัส ให้คนรับของที่ร้านก่อนมั้ยก่อนจะมาคิดเรื่องเก็บปลายทาง ขนาดกุสั่ง2ออเดอร์มึงยังไม่ไปรับของเลย จะยกเลิกไม่ให้กุจ่ายปลายทางก็เรื่องของมึง เพราะกุคงไม่ใช้บริการของมึงแล้ว บายไอสัสฟู๊ดแพนควย",FALSE,boy18984
ออเดอร์ถูกยกเลิก แอพไม่เตือน,2019-02-28 11:48:12,1,รอไปสองชั่วโมง โคตรหิว มาดูอีกที อ้าว ยกเลิกของฉันซะงั้น สาสสสส,FALSE,Nicky.Aytac
Not good,2020-08-20 19:55:16,1,"ไม่สนับสนุนบริษัทที่เป็น Sponsor ให้กับช่องเนชั่นทีวี ที่นำเสนอข่าวโจมตีอีกฝ่ายและนำเสนอความอย่างบิดเบี้ยว 
Dont support Foodpanda because they are a sponsor of Nation TV that board casts fake news.",FALSE,Jessica.jys
เป็นผู้ให้บริการที่แย่มากๆ แอพก็แย่มาก,2019-02-16 02:15:38,1,"1.ที่อยู่เลือกให้อัตโนมัติ เลือกเองไม่ได้ ปักหมุดไปคนทางเลย เบอร์ติดต่อร้าน เบอร์ติดต่อคนส่งก็ไม่มี

2.ยกเลิกออเดอร์เองหน้าตาเฉย ไม่โทรบอก ไม่บอกกล่าวเลย รอเป็นชั่วโมง ถ้าไม่กดดูสถานะก็ไม่รู้ว่าอยู่ๆยกเลิกเองเฉย อีก 2 วันส่งคูปองแทนคำขอโทษมา มุขนี้เก่าไป ไม่ให้อภัย ไม่ใช้ต่อหรอก มีใครถามก็จะบอกว่าห้ามใช้แอพนึ้เด็ดขาด",FALSE,Boyyza
ไหนบอกทุกที่ทุกเวลาไง,2019-03-07 02:56:29,1,"ทุกที่ตรงไหนอะ ทําไมfoodpandaถึงไม่ขยายอานาเขตให้มากกว่านี้ละ
คือมันบอกว่าบ้านของคุณไม่สามารถใช้foodpandaได้(บางบอน)????????",FALSE,Changch123ka
ห่างกันสักพัก,2020-08-20 16:15:47,1,ถอนสปอนเซอร์ช่องเน...แล้วจะกลับมาใช้นะ,FALSE,ไม่ชอบสื่อหลอกลวง
เรื่อง รีวิว,2020-08-28 07:06:39,5,"ควรมีหัวข้อ ""รีวิว"" เพิ่มเติมในประวัติรายการสั่งอาหาร ให้ลูกค้ากดรีวิวเองได้ ไม่ใช่รอให้ App เด้งขึ้นมาให้รีวิวอย่างเดียว เคยเจอร้านนึง อาหารแย่มาก แต่ App ไม่มีเด้งขึ้นมาให้รีวิว เสียความรู้สึก ไม่อยากให้คนอื่นเจออาหารแบบนั้นเหมือนเรา

*** ฝากปรับปรุง App ด้วยค่ะ ***",FALSE,yimmy_celeb
แย่,2019-12-10 10:13:22,1,แอพกระจอก ไม่ได้เรื่อง ค้าง โหลดช้า ไรเดอร์กว่าจะรับออเดิร์สักคนรอเป็นชาติ,FALSE,sunfer110
คืออะไรคะ ?,2019-03-04 04:36:21,1,ทำไมอยู่ๆร้านอาหารถึงปิดชั่วคราวหมดเลย ? แอพมีปัญหาอะไรคะทำไมถึงสั่งได้แต่แม็ค ? งงมากช่วยปรับปรุงด้วยนะคะ ตอนแรกก่อนจะติดตั้งแอพก็อ่านนรีวิวมาเห็นคนคอมเพลย์เยอะมาก เลยไม่คิดอะไรพอเจอกับตัวถึงรู้เลยค่า,FALSE,กูนี่แหละไอสาส
เคยเลิกสั่งมาครั้งหนึ่งกลับมาสั่งก็ห่วยเหมือนเดิม,2019-02-19 04:39:10,1,"ก่อนหน้านี้สั่งอาหาร อยากจะยกเลิกก็ยกเลิก ทั้งที่รออาหารเกือบชม. แล้วก็มีเมล์มาว่ายกเลิกเฉยเลย
ครั้งนี้ได้โค้ดส่วนลดของกรุงศรี 100บาท สั่งเสร็จ แอพยกเลิก แล้วคือไร โค้ดนั้นก็ใช้ไม่ได้อีก โทรเข้าเบอร์call center ที่ให้ไว้เป็นtravelloka คุยก็ไม่รู้เรื่องคนรับพูดภาษาเขมร คือไรแอพนี้ งงไปหมด",FALSE,Knight-18
หลอกลวงนะครับ ขออกมาเตือนUSERกันนะครัย,2019-02-08 08:53:54,1,"แอพนี้นะครับ หลอกลวงการขายสินค้านะครับ สั่งของรอนานมาก และไม่ได้ของยกเลิกออเดอร์แล้งริบเงินเราด้วย
ผมขอกล่าวให้ฟังตั้งแต่เริ่มนะครับ
1.แอพพลิเคชันให้มีการลงทะเบียนที่ลิงค์กับเฟซ ซึงเรากดโอเคสมัครแล้งหน้าเพจลิงค์ไปเฟซกดโอเค จากนั้นสามารถใช้งานแอพได้เลยผม โดยไม่ได้มีการVerify ข้อมูลเบอร์ อีเมลล์ยืนยันอีกรอบ 
2.หลังจากกดสมัครเสร็จผ่านลิงค์ที่เชื่อมกับเฟซผมก็สั่งอาหารปกติ แต่เวลาการรอรอนานมากๆ74นาที ส่วนตัวโอเครอได้ แต่ระไม่ยุติธรรมกับผม ผมรอมีชั่วโมง14นาที Rider มาส่ง ส่งไม่ถึงมือเรา เราให้รายละเอียดบ้านไม่มีเข้ามาสอบถามที่หมู่บ้าน สุดท้ายกดยกเลิกการส่ง้ราไม่คืนเงิน เท่ากับ เราจ่ายฟรี 611 บาท ตรงจุดนี้เอาเปรียบมาก
3.โทรขอความช่วยเหลือ ศูนย์กลางคอลเซ็นเตอร์มีแต่แชทและช้ามากในการแกปัญหา อีกทั้งใช้ระยะเวลานานในการติดต่อประสานงาน และยืนยันในการตรวจสอบที่เอาประโยชน์เข้าตัวเองโดยบอกว่าเราลงทะเบียนผ่านเมลล์ซึ่งลงทะเบียนแล้ว และใช้เบอร์ไหนก็ไม่รู้มาใช้ในการลงทะเบียนเมลล์ผม ทำให้เกิดปัญหาตรงนี้ที่ทำให้ผมไม่ได้รับของ และRiderติดต่อไม่ได้ ดังนั้นสรุปเลย ผมสมัครแอพนี้ผ่านลิงค์เชื่อมเฟซ แอพไปดึงเบอร์อะไรมาไม่รู้ แล้วไม่มีการให้Verify สุดท้ายพอส่งของเรากลับไม่ได้ของ เพราะติดต่อกันไม่ได้ แล้วก็มาริบเงินเรา 
ขอเตือนภัยนะครับ คนไทยใครจะใช้คิดให้ดี
บริษัทนี่ไม่มีจดทะเบียนในบ้านเรา มาค้าขายทำมาหากินในประเทศไทยของเรา ถ้าเกิดอะไรขึ้นเราเสียเปรียบนะครับ ฟ้องร้องก็ใช้เวลาเพราะหาผู้ทำความผิดไม่ได้อยู่ต่างประเทศนะครับ",FALSE,Kanatsanan w
ออเดอร์หาย,2020-03-13 06:07:22,5,หลายครั้งแล้วที่โดนแคนเซิลออเดอร์ แบบพอเข้ามาดู. เวลามากขึ้นเรื่อยๆ สักพักไม่มีออเดอร์แล้ว,FALSE,น้ำตา ล กับบอย
เมื่อก่อนมีค่าบริการ,2019-10-26 11:42:15,2,พอลูกค้าเริ่มติดคิดค่าบริการเฉยเลย,FALSE,mnbzk
สงสัยเรื่องราคา,2021-01-28 04:24:34,1,ทำไมหน้าแรกบอกลดจาก70 เป็นสามสิบกว่าบาท แต่พอจะกดยืนยันสั่งซื้อ ราคากลับไม่ลดตามที่บอก,FALSE,chikgdgljida
บริการดี จัดส่งเร็ว,2020-12-27 09:37:21,5,สะดวกดีค่ะ ชอบตรงที่สั่งอาหารล่วงหน้าได้,FALSE,Sitanun1479
รีวิวแอพ,2021-01-26 13:12:29,2,ห่วยแตกค่ะ เพิ่มเบอร์โทรติดต่อร้านที่สั่งที่ติดต่อได้ให้หน่อยนะคะ จะได้ตามไปด่าค่ะ สั่งอาหารไปแล้วได้ของไม่ครบ ไม่มีที่ติดต่อกลับเลยค่ะ เพิ่มให้คนส่งเช็คของก่อนมาส่งก็ดีนะคะ แบบนี้มันเอาเปรียบผู้บริโภคค่ะ,FALSE,mingurenarak
Foodpanda rewards,2021-01-05 09:42:40,3,No foodpanda rewards iphone 6s,FALSE,Aey & ai
จ่ายเงินแบบตัดผ่านบัตรเครดิตไม่ได้,2021-01-04 06:37:55,1,เป็นลูกค้า Foodpanda มาปีกว่าใช้ประจำแต่ล่าสุดเปลี่ยนบัตรใหม่ก็เลยต้องลบข้อมูลบัตรเดิม กลายเป็นว่าทุกวันนี้ไม่สามารถใส่ข้อมูลบัตรใหม่ได้เพราะเจอบัคตรงวันหมดอายุบัตร ลบแล้วติดตั้งใหม่ก็ไม่ช่วย อีเมลแจ้งปัญไปเป็นเดือนก็ไม่ได้การตอบกลับ น่าเสียดายที่เคยเป็นแอปประจำ ปัจจุบันย้ายไปแกรปเรียบร้อยแล้ว,FALSE,mooninji
ค่าส่งแพง,2021-01-04 05:20:57,2,แต่ก่อนส่งฟรี เดี๋ยวนี้เสียค่าส่งแพงเวอร์,FALSE,เตออ
เป็นอะไรก่อน,2021-01-03 07:43:30,1,"งงมาก ด้านหน้าเขียนส่งฟรี พอจะกดสั่ง สรุปมีค่าส่ง งงมาก จกตา ละบางร้านเขียนว่าลดราคา แต่พอไปหน้ากดสั่งคือราคาเต็มเท่าเดิม อะไร จกตาลูกค้ามาก ไม่ไหวนะ
อยากไม่ให้ซักดาวเลยค่ะเอาตามตรง",FALSE,ดจกย
การจัดส่ง,2020-11-20 12:52:33,5,"บริหารดีพนักงานส่งอาหารรวดเร้ว
พูดจาสุภาพ",FALSE,พรร
Searchหาเมนูแล้วขึ้นมามั่วๆ,2020-12-27 05:11:28,1,ค้นมั่ว,FALSE,wtfghgh
No more foodpanda,2020-12-26 07:58:40,1,เป็นแอปสั่งอาหารที่โง่มากค่ะ search หาร้านอาหารอะไรไม่เคยขึ้นตรงตามที่ค้นหาเลย หาร้านที่จะทานไม่มีเลย????? หาร้านอาหารเกาหลีแต่ได้ร้านอาหารไทย???? ถ้ามีให้ rate 0 star ก็จะเลือกอันนั้นค่ะ,FALSE,hnymwy
พนักงานส่ง,2020-11-21 11:49:16,2,พนักงานส่งแย่มาก พูดไม่สุภาพ,FALSE,แพนด้า999
Ansvdkn,2020-09-02 04:11:46,5,ในแอพช่วงนี้ ส่งข้อความแจ้งไรเดอร์ไม่ได้เลยค่ะ ไม่ทราบว่าเป็นที่ระบบหรือว่าอย่างไร,FALSE,nsodg
ห่วยแตก อย่าใช้บริการ!!!,2020-09-09 06:13:21,1,โดนขับส่งอาหารยกเลิกออเดอร์ แถมไม่คืนเงิน ไม่สนับสนุนอีกต่อไป,FALSE,Suikfda
ออเดอร์โดนยกเลิก /ช้ามาก,2020-09-04 07:40:20,1,คือสั่งไปโดนยกเลิกบ่อยมาก แล้วคือให้รอมา20นาที แต่สุดท้ายโดนยกเลิก ไม่เข้าใจเลย ให้รอทำไม จะยกเลิกทำไมไม่รีบๆอะ จะได้สั่งร้านอื่นกิน แล้วอีกอย่างคือตอนแรกที่สั่งขึ้น 30นาทีก็ว่ารอได้ แต่พอเวลารันไปเหลืออีกประมาณ 10นาที ก็อต้งเตือนว่าออเดอร์เลท คือทำไมเพิ่งแจ้งตอนผ่านมาแล้ว20นาที ถ้ารู้ว่าช้าแบบนี้ไม่สั่งค่ะ อารมณ์เสีย โมโหหิวค่ะ ห่วยแตกมาก,FALSE,พจนาถ
อัพเดทใหม่บัค,2020-08-28 05:37:44,5,อัพเดทเวอร์ชั่นล่าสุดกดส่งข้อความไรเดอร์ไม่ได้,FALSE,Ballook
เมนูอาหาร,2020-08-23 13:27:37,3,ไม่มีรูปอาหาร ตัดสินใจสั่งซื้อยาก,FALSE,kknk.ch
มีปัญหาแอปพลิเคชั่น,2020-08-27 16:09:16,1,แอปโครตห่วยเลยครับ รูปแบบการสั่ง แพทเทิร์นต่างๆ ทำมาไม่ตอบสนองการใช้งานของผู้ใช้งาน ไม่ตอบสนองความต้องการอะไรง่ายๆหรือที่ต้องการความสะดวก โปรโมชั่นหนือว่าโค้ดส่งนลดต่างๆก็ไม่มีการประกาศอย่างละเอียด อีกอย่าง ไรเดอร์จะตายเอานะครับถ้ายังไม่ปรับปรุงระบบ แล้วจะไม่มีคนเหลือขับให้แอปนี้นะครับ,FALSE,nflspsorijrbbcjcyq
ส่งข้อความหาไรด์เดอร์ไม่ได้,2020-08-27 10:42:36,1,พึ่งอัพเดท version และพบว่าส่งข้อความหาไรด์เดอร์ไม่ได้ รบกวนแก้ไขด้วยค่ะ,FALSE,Dutchmewms
ปัญหาแอพ,2020-08-23 10:12:54,1,"แอพมีปัญหาบ่อยมาก ทั้งๆที่เราก็ใส่ชื่อถนนอะไรไปครบแล้ว แต่แอพมันกลับแจ้งเตือนว่า ""ชื่อถนนไม่สามารถเว้นว่างได้"" เป็นบ่อยมาก ให้ลบแอพแล้วโหลดใหม่แทบจะทุกครั้งแบบนี้ก็ไม่ไหวนะครับ",FALSE,bxbdksks
ตามนี้ครับ,2020-08-20 19:11:00,1,#แบนเนชั่น,FALSE,บาฟาโล
ไม่สนับสนุนแบรนด์ที่สนับสนุนช่องเนชั่นค่ะ บ๊ายบาย,2020-08-20 15:13:41,1,ประชาธิปไตยจงเจริญ ช่องสลิ่มจงพินาศ,FALSE,ป้อมน้อยซอยยิกๆ
ช้า,2019-11-06 07:25:39,5,ถ้าไม่ส่งฟรีคงไม่สั่ง,FALSE,jdjbchdb
งดใช้ค่ะ,2020-08-20 12:15:19,1,เห็นว่าแอพนี้เป็นสปอนเซอร์ช่อง Nation ขออนุญาตเลือกตัวเลือกอื่นแทนนะคะ ขอบคุณค่ะ,FALSE,BORBESTt
สนับสนุนเนชั่นช่องข่าวบิดเบือน,2020-08-20 11:54:52,1,ขอลบทิ้งนะคะ สนับสนุนเนชั่น บายจ้า,FALSE,ลูกค้าที่ใช้งานตลอด
ปักหมุดไม่ได้,2020-08-17 11:02:04,4,ทำถึงขึ้นว่าไม่มีตำบลและถนนเวลาแก้ไขที่อยู่และกดบันทึก,FALSE,ชิงชัง
ถนนที่ไม่มีถนน,2020-08-17 08:24:22,1,ห่วยแตกมากค่ะ บอกให้กรอกชื่อถนน แต่ไม่มีที่ให้กรอก มุดก็ปักไปแล้ว,FALSE,จีมี
หน้าเลือดมาก,2020-07-24 23:20:32,1,คิดส่วนต่างทั้งๆทีเมื่อก่อนไม่มีแถมเลยเก็บค่าส่งข้าวราคา50บาทต้องจ่าย79งงมากแม่บายจ้าาาาา,FALSE,คนที่ชอบเล่นเกม
แพง,2020-07-24 06:39:26,2,มีค่าส่งมาอีก ราคาปกติก็แพงกว่าหน้าร้านอยู่แล้ว,FALSE,แพง มีค่าส่งทำไม
ที่อยู่เพี้ยน,2020-07-22 11:13:08,3,ปักหมุดที่อยู่ไม่ได้ ส่วนหมุดที่ระบบปักให้ก็ไม่ตรง,FALSE,Panda_JT
แย่,2020-07-08 06:39:25,1,แอพแย่ help center ก็ตอบแย่ รออาหารนานกว่าที่กำหนดและไม่รับผิดชอบ จะยกเลิกก็ไม่ให้ จะร้องเรียนร้านค้าที่อาหารทาง help center ปิดแชทจบบทสนาโดนที่ไม่ยอมรับฟังความต้องการของลูกค้า,FALSE,noinanoina
IOS พิกัดไม่ตรง เปลี่ยนแล้วบันทึกไม่ได้,2020-05-11 01:24:36,1,พิกัดในแอฟไม่ตรง พอเปลี่ยนให้ตรงไม่มีให้กดบันทึก ในแอฟย้ายไปจุดที่ไม่ตรงทุกครั้ง เลยไม่ได้สั่งอาหาร,FALSE,LO$O
แก้ไขปัญหานี้หน่อย,2020-04-28 08:38:29,4,เปลี่ยนเบอร์โทรศัพท์ไม่ได้ เซ็งมากครับ,FALSE,farmsp7
บริการเเย่ที่สุด,2020-02-23 10:15:05,1,ทุกครั้งที่ใช้บริการแอพนี้จะต้องเสียอารมณ์สุดๆ เพราะบริการแย่มาก ช้ามากๆ สั่งแอพอื่นทีหลังร้านเดียวกันยังได้ก่อน   ลบถาวร! ให้โอกาสมาหลายครั้งแล้วก็เจอปัญหาเดิมๆ,FALSE,คนให้โอกาสจนสุดจะทน
บริการแย่นะ,2020-02-23 07:30:42,1,สั่งอาหารบอก30-40นาที เออก็รู้อยู่อาจจะมีเรทบ้างไรบ้าง แต่แชทไปสอบถามว่าทำไมนานจัง เพราะมันเลยมาชั่วโมงกว่า ไอ้เชี้ยคนส่งบอกพี่พิมพ์มาแบบนี้ไม่ได้มันไม่ถูก พ่อมึงตายไอ้สัสแทนที่จะขออภัยลูกค้ารถติดรถอะไร ก็ว่าไป มาบอกกูพิมพ์หรือสอบถามแบบนี้ไปไม่ได้ #ไม่ตกรถก็บุญแล้ว,FALSE,bfjskfk
เวลาที่รออาหารไม่ตรงกับความเป็นจริง,2020-02-23 07:08:45,1,บอก25นาที รอจริงจะชั่วโมงนึงยังไม่ได้อาหาร เวลาเปลี่ยนตลอด ยกเลิกอาหารก็ยาก วุ่นวาย ควรปรับปรุงนะครับ,FALSE,SHIN-PENG
ที่อยู่,2020-02-08 07:17:29,3,ดีตรงส่งฟรีนะคะ แต่ในแอพชอบปักหมุดให้ผิดค่ะ ระบุที่อยู่ชัดเจนแล้ว แต่ชอบไปปักที่อื่น ให้คนส่งเขาสับสนไปส่งผิดที่ ปรับปรุงด้วยนะคะ ขอร้อง!!!,FALSE,chnchd.s
Excellent,2019-11-18 08:03:50,4,The experiences from the services are so far really good and pretty convenient.,FALSE,Rand?
สะดวกตรงที่ฟรีค่าส่ง,2019-11-06 13:30:52,2,โดนเลื่อนเวลาส่งไปเรื่อยๆ สุดท้ายโดนยกเลิกเพราะไม่มีคนเข้าไปรับอาหาร สรุปคือต้องไปสั่งจาก App อื่นแทน หิววนไปค่ะ,FALSE,Aomjai Dara
อาหาร,2019-08-12 07:36:46,5,ส่วนลดแบบจุกๆ,FALSE,??????????????????????????????
แย่,2019-03-04 06:30:21,1,แย่มาก อาหารส่งช้า ไม่พออาหารไม่ครบอีก ครั้งเดียวพอ,FALSE,oillllllllllll
Wrost Food App,2019-03-01 11:20:04,1,Cancelled order but it still delivers WTF !!!,FALSE,"worst app , grab is better"
ดีงาม,2020-02-08 03:45:00,5,สะดวกสบาย,FALSE,J mi ko
??,2019-02-21 05:32:29,1,"They only care about the big meal which have expensive price.In the other hand, when you order less or cheap ones, thay never care and it will take longtime. So bad ??",FALSE,Migaone
สุดยอด App !!!,2017-05-26 08:19:11,5,เหมาะมากครับกับคนที่อยากทานอาหารอร่อยๆ ที่บ้าน,FALSE,trnon2529
แย่มาก,2019-02-20 08:16:08,1,สั่งอาหารไปเป็นชาติเวลาก็เปลี่ยนไปเปลี่ยนมาตอนแรก 20 นาที สักพักขึ้นเป็น 50 นาที ทำให้ไม่รู้ว่าจะได้เวลาไหน กินวันนี้ไม่ใช่ชาติหน้า,FALSE,ตกนำรกน_นหนไยไ
ชอบมาก,2021-03-19 14:50:17,5,ดีมากไม่ต้องไปซื้อเอง,FALSE,ฟาริต้า
อบรมอาชีพฟู๊ดแพนด้า,2021-03-18 04:56:46,5,บริการดี. เร้วเร้วทันใจคับชอบมากๆๆ??????????,FALSE,พงษ์เต๋อ
ส่วนลดผู้ใช้ใหม่,2021-03-19 11:44:26,1,คือ  ยังไงครับทางร้านกดยกเลิกออเดอร์เองแล้ว  จะใช้ส่วนลดผู้ใช้ใหม่กับที่อื่นไม่ได้เหรอครับ  ช่วยอธิบายที,FALSE,ฆวยจิงๆ
ไม่แผนที่การนำส่ง,2021-03-19 05:59:18,4,ควรมีแผนที่แสดงการนำส่งที่เป็นแบบreal time,FALSE,prapant
ทำไมพิมส่วนลด ขึ้นว่าใช้ไม่ได้,2021-03-19 04:59:09,2,ห โกรธ,FALSE,่ำรำนพนะว
ไม่ควรบวกค่าส่ง,2021-03-18 05:08:24,4,หักออก 1 ดาว เนื่องจากเพิ่มค่าส่ง 7-9 บาท,FALSE,หายใจก้ตาย
รวดเร็วทันใจ บริการดี,2021-03-18 04:55:53,5,รวดเร็วทันใจ,FALSE,Ms223729062554
าดมหว,2021-03-18 01:44:49,5,นดตไร่บเรำือบไร่,FALSE,Mikeza tinghoo
แอป,2021-03-18 04:55:50,4,สั่งยาก,FALSE,it's not contecting
ส่งของช้ามาก,2021-03-18 03:23:39,1,พอดังแล้วก็ทำงานชุ่ยมาก สับเพล่า รับออเดอร์สหลายๆรายการแล้วก็ส่งทีเดียว แบบนี้ใช้ได้ที่ไหน พอถามไรเดอร์ก็ตอบกลับมาห้วนๆพูดจาควรดีๆหน่อย,FALSE,คนเคยใช้บริการคนนึง
ส่งไวมาก,2021-03-17 16:53:18,5,Dครับ,FALSE,get t to
นานเกินไป,2021-03-17 21:05:54,1,รบกวนอบรมคนส่งหน่อยนะครับถ้าอยู่ไกลขนาดนั้นก็ไม่ต้อบรับออเดอร์ เห็นใจลูกค้าที่ต้องรอนานๆๆๆหน่อยนะครับ,FALSE,passakornn
โปรโมชั่นดีๆ,2021-03-17 03:13:54,5,จัดโปรโมชั่นจริง แจกจริงค่ะ,FALSE,คุณบุษบา2
ใส่ส่วนลดไม่ได้,2021-03-17 11:11:21,2,ใส่ส่วนลดครั้งแรก แล้ว error เลยใส่ใหม่ แต่ระบบบอกใช้ส่วนลดไปแล้ว สรุป ไม่ได้ใช้เลยค่ะ,FALSE,Pom365
ซิลโดเรล่า,2021-03-17 10:33:30,4,เวรี่กู้ดอาชิปาเห้??,FALSE,มนรึดี
ส่วนลดเข้าใหม่ใช้ไม่ได้เพราะร้านค้ายกเลิกออเดอร์,2021-03-17 08:39:37,3,"สั่งข้าวหมกไก่ไปครั้งแรกเพราะเพิ่งเข้า ได้รับส่วนลด100 ปรากฎว่าร้านค้ายกเลิกรายการ
คูปองก็เอากลับมาใช้ใหม่ไม่ได้",FALSE,Ging25
????????????,2021-03-17 02:52:48,5,ค่าส่งถูกดีค่ะ,FALSE,zizikim7
ดีมากๆค่ะ,2021-03-16 06:28:40,5,เยี่ยมมากๆ,FALSE,Mee Ch
สินค้าที่ได้รับไม่ตรงจามที่สั่ง,2021-03-16 10:57:08,1,สั่งkfc ในราคา466 บาท ได้รับสินค้ามาพร้อมใบเสร็จในราคา 265 บาท ติดต่อผ่านช่วยเหลือไป ไม่มีใครตอบแต่มีหน้าต่างยกเลิกรายการคำสั่งซื้อกลับมา แบบไม่ทีคำพูดใดๆอธิบายเลย เสียความรู้สึกมากค่ะ แถมไรด์เดอร์ยังขับเลยไปไกลมากๆ คนละถนนกันเลย มาถึงของก็ขาด ไม่ครบ แล้วยังไม่ได้คำอธิบายจากพนักงานที่ตอบคำถามอีก เสียความรู้สึกค่ะ,FALSE,ชุมพิชา
ราคาไม่ตรงกับที่แจ้ง,2021-03-16 07:39:37,1,"บางร้านลงราคาไว้ 45 บาท
พอเก็บจริง เก็บ 50 บาท",FALSE,finalza
ชอบค่ะ,2021-03-16 04:01:35,5,ชอบค่ะ มีโค๊ดมาให้เรื่อยๆ ร้านหลากหลาย พนักงานบริการดี,FALSE,โอลเวนเดอร์
ดีค่ะ,2021-03-15 13:36:23,5,ดีค่ะ,FALSE,TaL Togee
ดีมากค่ะ,2021-03-14 08:54:10,5,ดีมากค่ะ,FALSE,tato_tal
..,2021-03-15 08:38:50,4,อยากให้ลงรายระเอียดไรเดอร์ กับgpsติดตามไรเดอร์จอกว้างขึ้น,FALSE,Mokumokuu
แอพนี้สนับสนุนพวก3 กีบ,2021-03-15 06:14:24,1,ถูกใจล้มเจ้า,FALSE,รากส
การชำระค่าใช้จ่าย,2021-03-14 16:41:26,1,หักเงินจาก ทรูมันนี่วอลเล็ทแล้ว แต่ออเดอร์ไม่ขึ้น ช่วยจัดการด้วยค่ะ,FALSE,อุบลนางรำหลวง
หามานานแล้วน้ำจิ้มแซ่บๆ แบบนี้,2021-03-14 04:18:47,5,"น้ำจิ้มแบบเผ็ดมาก เผ็ด เด็ด ไฟลุกถูกใจฝุดๆ 

ร้านจัดเซทเก่ง มาก วันนี้ลองเซทไส้กรอก Lover ถูกใจคนรักไส้กรอกจริงๆ ??",FALSE,LoveMe if YouDare
สั่ง kfc ไม่ได้,2021-03-14 08:49:01,1,สั่ง kfc ไม่ได้ เนื่องจากไม่สามารถเลือกเครื่องเคียงได้ ไม่รู้เป็นอะไร,FALSE,ghgggggggib
??เหมือนจะดี,2021-03-14 05:38:50,1,แย่มากแย่มากๆ เราเสียใจมากสั่งอาหารไปถูกยกเลิกตลอด หาไรท์เดอร์ไม่เจอเสียความรู้สึกเป็ยอย่างงี้ 2 3 ครั้งแล้ว,FALSE,เหมือนจะดีจริง
ไรเดอร์มารยาทดีงาม,2021-03-13 05:35:59,5,Rider สุภาพมากค่ะ,FALSE,oomypranisa
บฃค่าจัดส่ง,2021-03-14 04:06:23,1,ทำไม่ต้องคิดค่าส่งด้วย,FALSE,Mayree77
ค่าส่ง,2021-03-14 03:21:15,2,ตอนแรกไม่เก็บค่าส่ง เดี๋ยวนี้เก็บค่าส่งแล้ว กลับไปใช้Grabเหมือนเดิมดีกว่า,FALSE,quay long
แผนที่ระยะทาง,2021-03-13 10:42:53,4,ควรมีภาพแผนที่ขึ้นว่าไรเดอร์อยู่ตรงไหนๆแล้ว เหมือนค่ายอื่น นอกนั้นดีหมดขาดแค่นี้,FALSE,shhqsjlfahwkcoahsc
ที่อยู่,2021-03-13 06:27:20,4,ใส่เลขที่ตั้งจริงไม่ได้,FALSE,ปอ-อู
เลิกใช้,2021-03-13 01:20:47,3,ดีแตก ยกเลิกออเดอร์ เพราะไม่รับโทรศัพท์ยืนยัน ก็เบอร์มาจากมาเลเซีย ไม่มีใครรู้จักที่นั้น กลัวเป็นโจร ไม่รับอยู่แล้ว นี่ก็โดนมาสองครั้งแล้ว ครั้งแรก ไม่เห็นมีเหตุผล แย่นะ ไปใช้ Grab ล่ะ,FALSE,Goodbye-Panda
ควรปรับปรุงค่ะ,2021-03-13 04:05:32,2,ยังไม่เคยสั่งเลย เพราะแต่ก่อนเข้าแอป foodpanda ทีไรเด้งออกตลอด แต่วันนี้ลองเข้าใหม่แล้วได้ และเห็นว่ามีโค้ดส่วนลดลูกค้าใหม่จึงตัดสินใจสั่ง พอกรอกโค้ดไปตอนแรกใช้ได้ แต่เมื่อถึงหน้าชำระเงินก็กรอกบัตรเครดิต แต่แอปเด้งว่าบัตรไม่ถูกต้อง ทั้งที่ใช้บัตรนี้มาตลอดไม่เคยมีปัญหา แต่ก็เปลี่ยนบัตรใหม่ ปรากฏว่าแอปเด้งว่าเราใช้โค้ดเต็มจำนวนแล้วทั้งที่ยังไม่เคยใช้ แล้วบัตรใหม่ที่กรอกข้อมูลก็ขึ้นว่าบัตรไม่ถูกต้องอีก สุดท้ายต้องเลือกชำระเงินสด,FALSE,Deer..Deer
ความรวดเร็ว,2021-03-12 09:35:34,5,ดีคะ,FALSE,เพื่อน1
App เลือกข้าง,2021-03-13 01:11:57,1,ดีใจที่ไม่คิดจะสั่งผ่านแอฟนี้ บ๊ายบาย ถาวร,FALSE,BeeGD
ดีมากค่ะ แอปนี้ ????,2021-03-11 09:31:33,5,"ชอบมาก รู้สึกขอบคุณ ให้ความสะดวก สบาย 
????รักเลย ????????????????",FALSE,worachaya maya
ไม่เคยทันคูปอง,2021-03-12 04:35:10,3,ไม่เคยทันคูปองส่วนลดประจำวันหรือว่ามันไม่มีอยู่จริง,FALSE,ชื่อนี้ไม่น่าซ้ำกับใครแล้ว
ระบบห่วยมาก????,2021-03-11 14:56:00,1,????,FALSE,....22...
ยกเลิกเก่ง,2021-03-11 14:09:03,1,ยกเลิกเองเก่งนักนะ,FALSE,ลูกอิยกเลิก
ระบุตำแหน่ง,2021-03-11 12:59:42,2,ใช้ยาก,FALSE,iamtheCustomer
ยอดเยี่ยม,2021-03-11 06:01:34,5,ถูกใจเป็นอย่างยิ่ง..,FALSE,mobile_life
ส่งช้าแต่ลดเยอะนะ,2021-03-09 12:31:00,5,"ส่งช้าแต่ลดเยอะนะ
เดือนๆนึงจะมีโค้ดลดเยอะๆ ต้องเข้ามาดุบ่อยๆ",FALSE,benedixs
วันที่28/02/64 ตัดเงินผ่านบัตรแต่ของไม่ได้ งง,2021-03-10 18:23:09,1,ล่าสุด สั่งอาหารไป ร้านยกเลิกแต่มีการตัดเงินผ่านบัตร 89บาท ไม่รู้จะได้คืนเมื่อไหร่ ทำงานล่าช้า ไม่ได้เรื่อง,FALSE,kullanar
โค้ดสำหรับลคใหม่โดนยกเลิกไม่บอกสาเหตุ,2021-03-10 11:54:29,1,พอกดมาใช้อีกครั้งก็ใช้ไม่ได้ทั้งที่เพิ่งกดใช้โค้ดเสียดายเลยส่วนลดตั้ง100,FALSE,punnnnn39
เลื่อนส่งบ่อยฉิบหาย เวลาส่งไม่เคยตรงเลย จะขึ้นเวลาไว้ทำไมถ้าทำไม่ได้,2021-03-10 06:17:51,1,ห่ว,FALSE,Golf997
ขั้นต่ำแพงขึ้นเรื่อย,2021-03-10 01:32:58,3,ขั้นต่ำแพงขึ้นเรื่อย ไม่น่าสั่งเท่าไหร่ นานทีถึงใช้,FALSE,Skypook
ยุ่งมาก,2021-03-09 15:19:53,1,"สั่งไม่ได้เพราะยุ่งมาก 555
ลาก่อนแพลตฟอร์มนี้",FALSE,ปกป้องสายทอง
ประทับใจตั้งแต่แรกเข้า,2021-03-08 05:36:52,5,ได้ส่วนลด แอปก็ใช้งานง่าย ตั้งค่าที่อยู่ง่ายกว่าแอปอื่นมากมาย,FALSE,ตี๋ใหญ่ บางกรวย
ไม่มีสินค้าให้ ยกเลิก หักเงินไปแล้ว ทำไมไม่คืนเงิน ลค,2021-03-09 10:40:13,1,แย่นะ ต้องให้ทวงอะ,FALSE,chok555555555
ค่าส่ง,2021-03-09 09:38:14,3,ปกติไม่มีค่าส่งนี่คะ ทำไมเมื่อวานสั่งเสียค่าส่ง,FALSE,ใส่ชื่อไหนก็มีแต่คนใช้งานแล้ว
Food panda,2021-03-09 08:09:19,4,ใช้งานงงนิดนึง ถ้าเทียบกับ grab หาโค้ดส่วนลดยาก แต่ค่าส่งถูกกว่า,FALSE,Moewdemy
แอปไม่เสถียร แย่มาก,2021-03-08 13:42:52,1,แอปไม่เสถียร ทำให้เสียเวลาในการใช้งาน รวมทั้งการตรวจสอบปัญหาที่ช้า ทำให้เสียโค้ดส่วนลดไปฟรีๆ โค้ดส่วนลดขึ้นว่าใช้ไปแล้ว ทั้งๆที่ยังไม่ได้ใช้ แย่มากครับ พนักงานก็โยนความผิดให้ลูกค้า,FALSE,หาเอาครับ
ภาษา,2021-03-08 07:06:58,1,ที่นี่ประเทศไทย ลงทะเบียนภาษาไทย ควรใช้ภาษาไทยในแอพ ชื่อเมนูอะไรของพวกคุณ ถ้าอยากให้มีภาษาอังกฤษก็ต้องมีภาษาไทยคู่กันด้วย แอพห่วยแตก,FALSE,ยพจะ่ำบำว
ชอบๆๆ,2021-03-08 03:24:05,5,โปรฯ งดงามมาก,FALSE,คุณหริ
ไม่สามารถใช้ส่วนลดได้,2021-03-08 04:56:53,1,ไม่สามารถใช้ส่วนลดที่ให้มาได้ แย่มากเลยค่ะ ไม่ว่าจะสั่งตอนกี่โมงก็ไม่สามารถใช้ได้จนถึงวันหมดอายุของคูปอง แบบนี้ก็ไม่น่าให้มาก็ได้มั้งคะ เสียความรู้สึกมากๆ,FALSE,eyekoalomy
ดี,2021-03-08 01:57:56,5,แซบดี,FALSE,สามพีพี
อร่อยมากค่ะ สะอาด ส่งไวด้วยค่ะ,2021-03-07 10:12:02,5,5 ดาวเต็มค่ะ,FALSE,ซารัง989599
ห่วย,2021-03-07 13:59:14,1,โค้ดส่วนลดห่าเหวไรไม่รู้ ใช้ก็ยาก ศูนย์ช่วยเหลือก็ไม่มีประสิทธิภาพ,FALSE,โสรยา ไหม
ช้ามากๆๆๆๆๆๆ,2021-03-07 12:58:58,1,ไรเดอร์ไม่กดรับ กดยกเลิกไม่ได้ คุยกับผนักงานก็ไม่ได้ จะให้กินตอนไหนคะ ระบบแย่มากค่ะ ควรปรับปรุง อย่าเอาเปรียบผู้บริโภค,FALSE,หิว!
ไม่ได้เงินคืน,2021-03-07 12:20:11,1,เคยไม่ได้เงินคืน 100บาท พอถามไปที่พนักงาน ก้อแคปหน้าจอว่าคืนแล้ว รอดำเนินการสุดท้ายไม่ได้คืน,FALSE,gtogunner
ระบบขัดข้องตลอด,2021-03-07 12:04:28,2,เข้าหน้าแอปมาก็ขึ้นว่าระบบขัดข้องตลอดทั้งๆที่ก็มีสัญญาณเน็ตและอัพเดทแอปแล้ว เป็นมาเดือนกว่าๆไท่หายสักที เลยต้องเปลี่ยนไปสั่งแกรป,FALSE,มยอง
ส่วนลดครั้งแรก,2021-03-07 11:15:53,1,ไม่สามารถใช้ส่วนลดสั่งครั้งแรกได้ อย่างงี้ไม่ต้องมีเลยดีกว่าค่ะ,FALSE,Bestie8
ไรเดอร์หน้าตาหล่อๆ,2021-03-07 09:28:55,5,ขอแบบหล่อๆมาส่งมั่งได้มั้ยคะ ไม่เอาเมือกๆ,FALSE,Tonkhowbb
อร่อยค่ะ,2021-03-07 06:47:50,5,อาหาร สะอาด อร่อย รสชาติตามสั่งเลย,FALSE,PaTHoNgKo
การใช้code ส่วนลด,2021-03-07 09:18:14,1,ระบบรวน ยังไม่ได้กดใช้ กดออกไปทำการเชื่อมต่อapp truemoney ระบบเด้งมาว่าใช้code ส่วนลดไปแล้ว แย่มากๆค่ะ ทำให้เสียcode ส่วนลดผู้ใช้ใหม่ไปเลย ทำให้เสียเงินเพิ่ม,FALSE,Peanutiiezzzz
Great,2021-03-05 07:46:22,5,คนส่งอาหารสุภาพ ไม่รีบร้อนขี่รถเร็วในซอยหมู่บ้านเล็กๆ,FALSE,tornbong
การซื้อสินค้า,2021-03-07 05:31:57,1,ใส่โค้ดลดราคาแล้วไม่สามารถจ่ายตังได้ ต้องจ่ายเต็มราคาถึงจะสั่งได้ค่ะ,FALSE,ปาล์มมี่ มี่
รออาหาร2ชั่วโมง สุดท้ายโดนยกเลิก,2021-03-06 18:53:37,1,พอเชื่อมกับเดบิต พอกดสั่งก็หักออกไปเลย ละยังต้องมาเสียเวลารอแบบไม่รู้จุดหมายอีก แย่,FALSE,Zuurazo
Teribble interface,2021-03-06 16:00:59,1,I get that you dont want to deal with people. But there is no way to track your drivers physical location to know hes near or not. Get with the program. Garbage app and zero customer service. Also electronic payments are a total hassle.,FALSE,dad_sox
สิ้นค้าเสียหาย,2021-03-06 08:10:20,1,ไม่ได้รับการชดเชยจากสิ้นค้าที่ได้รับความเสียหายเมื่อครั้งก่อนหน้า  ครั้งก่อนสั่งน้ำปั่น แล้วสินค้าเสียหายยังไม่ได้รับการชดเชย ?,FALSE,LIVER2020
ส่วนลดน้อย,2021-03-06 05:47:29,3,ส่วนลดน้อยใช้งานไม่ได้จริง,FALSE,worada w
เพิ่มเติม,2021-03-05 12:53:32,1,น่าจะมีช่องให้พิมพ์คำสั่งพิเศษค่ะ แก็บยังมีเลย เบื่อแพนด้าตรงนี้ค่ะ,FALSE,ธัญญา จารุ
ทำไมไม่คืนเงินกลับคะ,2021-03-05 09:17:13,1,คือเราสั่งอาหารไป สักพักเหมือนรายการอาหารอันหนึ่งมันหมด แอพก็ตัดออกจากรายการที่เราสั่งเลย แล้วเราจ่ายเงินไปก่อนหน้านี้แล้วทางทรูวอลเลตค่ะ พอแอพตัดออกเราก็รอเงินเข้าตรงส่วนอาหารที่เราจ่ายแต่เราไม่ได้ แต่รอแล้วรออีกก็ไม่คืนเงินกลับ คืออะไรคะ ค่อนข้างหัวร้อนมากค่ะ กินเสร็จแล้วรอเงินเข้า แต่ก็ยังไม่มี,FALSE,peppep16
ยอดเยี่ยมค่ะ,2021-03-04 10:53:38,5,ใช้งานง่ายมีบริการหลากหลาย ชอบที่สุดคือ pick-up ให้เราสั่งอาหารก่อน แล้วค่อยไปรับหน้าร้าน ทำให้ง่ายและไม่ต้องเข้าคิวรอ,FALSE,rainny_pink2525
ส่วนลด,2021-03-05 07:03:15,1,อยากให้มีการเก็บโค้ดส่วนลด,FALSE,".:,(?)&@?(฿!!&,,;฿!"
แย่,2021-03-05 04:50:13,1,"เวลารอที่ขึ้นไม่ตรงกับเวลาจริง ช้ากว่าตลอด
ร้านค้ายกเลิกออเดอร์ทั้งที่ลูกค้ารอนานแล้ว ยกเลิกแบบไม่มีเหตุผล",FALSE,bye ka
ค้นหาเมนูอะไรไม่ค่อยจะเจอ,2021-03-04 17:09:19,1,เวลาค้นหาเมนูอะไรไม่ค่อยจะได้ตามที่หา,FALSE,Kendo Kung
Code ส่วนลด,2021-03-04 14:12:51,4,บางอันยังไม่ได้ใช้เลยค่ะ ก็มีแจ้งเตือนขึ้นมาว่าจำกัดสิทธิ์แล้วหมายความว่ายังไงอ่ะค่ะ??,FALSE,นูน่าของควานลิน
รีวิว,2021-03-04 13:48:40,4,ดีค่ะ คนส่งดีพูดสุภาพ ส่งอาหารตามปกติแต่บางคนพูดไม่สุภาพเลยค่ะโกหกลูกค้าแล้วยังพูดเสียๆหายด้วยค่ะ,FALSE,sfyikoooo
Good Platform,2021-03-04 12:09:52,4,"All good only one problem that need to fix it 
If your rider dont pick up the food yet you cant contact to them",FALSE,Medicine corobob
สะดวก ง่าย,2021-03-04 10:34:58,5,ชอบตรงไม่เสียค่าส่ง แต่ได้ราคาเดิมค่ะ ????,FALSE,ณัฐพัชร์ จัง
ดี,2021-03-04 07:59:29,5,ใช้ง่าย ร้านค้าเยอะ โปรมาก,FALSE,Yuivru
วิธีการจ่ายเงิน,2021-03-04 04:46:40,5,ควรปรับปรุงให้มีกระเป๋าเงินได้แล้ว,FALSE,ดอนคาเล่ห์
ร้าน,2021-03-04 05:37:54,3, โปรดี!!!! แต่ร้านค้าน้อยมากครับ,FALSE,Khunpalm
Good service,2021-03-03 14:39:26,5,Thank you,FALSE,dr ashik
หาสินค้ายากมาก,2021-03-04 03:09:31,4,"ควรจัดหมวดหมู่อาหารให้ง่ายต่อการหา
หรือพิมพ์แค่คำเดียวก้อขึ้นชื่อให้เราหาได้",FALSE,มะยมลิ่นจี่
ระบบ,2021-03-03 17:46:09,1,ระบบห่วยแตก ห่วยแตกจริงๆ ไรเดอร์พูดจาเหมือนไปขอกิน ประสานงานแบบ งงๆ,FALSE,browniebeans
การรีวิวร้านค้า,2021-03-03 14:39:41,1,อยากให้มีการรีวิวย้อนหลังได้ค่ะ บางร้านสินค้า อาหาร ก็ไม่มีคุณภาพเลย บางร้านแย่ ถึงกับแย่มากๆ อาหารเน่าๆก็ยังกล้าจะเอามาขายกัน แอปควรตรวจสอบคุณภาพของร้านค้าบ้างนะคะ,FALSE,สัมรี่
ทันใจ,2021-03-03 10:17:20,5,ยอดเยี่ยม,FALSE,buchsaba
ใช้เวลานานในการจัดส่ง,2021-03-03 13:05:36,1,ในแอปบอกให้รอ 30 นาที แต่ 30 นาทีแบบวน 3-4 รอบ สรุปซัดไป ชั่วโมงครึ่ง ถ้าเลือกได้ใช้แอปอื่นเถอะครับ,FALSE,sirta13
ตอนสั่งอาหาร,2021-03-03 12:03:52,3,ไม่สามารถสั่งอาหารแยกประเภทกันได้ เช่น สั่งเบอร์2ชิ้น ต้องเป็นเนื้อทั้ง2ชิ้น จะเป็นเนื้อ1ชิ้นหรือไก่1ชิ้นไม่ได้,FALSE,pok vachi
ระยะทางในการจัดส่ง,2021-03-03 06:29:25,5,อยากให้ขยายระยะทางในการจัดส่ง สามารถเพิ่มค่าส่งสินค้าได้ ต่างจังหวัด ระยะทาง 5-7 กม ร้านมีให้เลือกน้อยค่ะ,FALSE,lookpas
ห่วย,2021-03-03 07:13:16,1,มาก,FALSE,ข้าวปู้น
สะดวก,2021-03-03 03:04:52,5,โปร เยอะ,FALSE,Armhr
ส่วนลดน้อย กว่าappอื่น,2021-03-03 04:39:23,1,ส่วนลดน้อย,FALSE,ณภัคร
การคิดราคา,2021-03-03 04:38:15,3,การคิดราคาสำหรับบางร้านที่ส่วนลดมันงงมาก ตอนเปิดหน้าเมนูเขียนส่วนลด พอสั่งแล้ว ไม่มีส่วนลด แต่มีบอกส่วนลดหน้ารวมรายการที่สั่ง ซึ่งราคาถูกต้องอะแหละ แต่ UI มันงงมาก ปรับ UI/UX ด่วนๆจ้า,FALSE,pierre1827
หักเงินแล้ว. แต่ไม่ได้รับorder ระบบไม่คืนเงินให้ลูกค้า. ลาก่อน ถอนการติดตั้ง,2021-03-03 04:14:40,1,หักเงินแล้ว. แต่ไม่ได้รับorder ระบบไม่คืนเงินให้ลูกค้า. ลาก่อน ถอนการติดตั้ง,FALSE,bsiiftby
Very Good,2021-03-02 11:22:20,5,I like it that I can chat with the driver. Good service.,FALSE,1821MR
Baddest delivery application ever,2021-03-02 16:18:26,1,"I order food but it was error so I decided not to eat it.20 minute later I saw that the driver brought me a food and my credit card was paid.So i contact help center and she said that the company will contact me in 30 minutes.I contact them again after 2 hours and she said I have to wait.But now it was 8 hours guys.I didnt get my money back.You company dont have a responsibility.It is not the first time that i have a problem with this app.If you dont have a talent to develop the application ,please stop doing that.",FALSE,idontwanttotellmyname
Avoid them worst service in town  worth zero star,2021-03-02 14:27:08,1,Worst service in town,FALSE,tang63
-,2021-03-02 13:25:32,3,บางทีหมุดก็ไม่ตรง ทั้งๆที่แจ้งที่อยู่ไปแล้ว แล้วฟู้ดก็ไปอีกที่หนึ่ง อยากให้ปรับปรุงค่ะ,FALSE,&@/฿;)/8/@;'ไทกาเ
ไม่โอเค,2021-03-02 11:57:55,1,ไม่ได้ ส่วนลด100ทั่งที่เป็นลูกค้าใหม่,FALSE,pindjhd
"สั่งได้เกิน 1,000 บาท",2021-03-02 10:08:53,5,ไม่มีเหมือน Lineman,FALSE,ป้อซ่า
???,2021-03-02 08:49:47,5,??,FALSE,???
การบริการ,2021-03-02 07:32:48,5,เรามีความสุขขึ้นเมื่อมีแพนด้า,FALSE,คนขายคอมฯ
แอพพัฒนาขึ้น,2021-03-02 05:12:28,5,ใช้งานขึ้นกว่าแต่ก่อน มีการชำระเงินได้หลายช่องทาง สะดวกดีครับ,FALSE,หลามน้อย
สามชั้นทอดน้ำปลา,2021-03-02 04:26:57,5,เคยกินแล้วอร่อยสุดๆ. เป็นเมนูที่ชอบบบบขอแนะนำ,FALSE,นิ๊ดนิด
การจัดส่งแย่มาก ช้า,2021-03-01 11:16:34,3,ช้า,FALSE,มืนิ
ปัญหา,2021-03-02 03:31:11,2,ข้อมูลบัตรเครดิต แก้ไขไม่ได้ หักไม่ผ่าน,FALSE,ped noi noi
ร้านค้ายกเลิกออเดอร์ แต่ระบบหักเงินไปแล้ว,2021-03-01 14:02:52,1,ชำระผ่าน wallet ระบบหักเงินไปเรียบร้อย แต่ร้านค้ายกเลิกออเดอร์ ทำไงต่อ? อยากได้เงินคืน ส่งข้อความไปก็เงียบหาย รับผิดชอบยังไงกรณีแบบนี้,FALSE,meker6677
ใช้บริการตลอด แต่ล่าสุดมีปัญหา,2021-03-01 13:09:59,1,ใช้บริการตลอด แต่ล่าสุดมีปัญหา กดสั่งอาหาร เลือกชำระเงิน ทรูวอลเลท ขึ้นชำระเงินไม่สำเร็จ แต่ยอดเงินถูกตัดออกไปให้กับฟู้ดแพนด้า ติดต่อแชทกับพนักงานบอกว่าเงินจะกลับมาภายใน24ชั่วโมง ตอนนี้เกินแล้วยอดเงินยังไม่เข้า แย่มาก ลบแอพ เลิกใช้,FALSE,ไปรยา แบตตี้
การบริการแอพแย่ค่ะ,2021-03-01 12:02:15,1,คือ ช่วงนี้สั่งบ่อยด้วยความที่ ยังอยู่ในช่วง มาตราการ โควิด บลาๆ แล้วคือ สั่งอาหารร้านนึงไป มันตัดเงินในบัตรเราไปแล้วค่ะ แต่คำสั่งซื้อในแอพไม่ขึ้น เลยทักศูนย์ไปส่งคำร้อง บอกว่าตัวแทนของเราจะตอบภายใน 24 ชม. คือ 24 ชม. แล้วค่ะ ยังไม่มีใครตอบเลยค่ะ  เลยทักเพจเฟสบุ้คของตัว Food panda ไป ก็ไม่ตอบค่ะ คือแย่ค่ะ เสียความรู้สึกกับแอพมากๆ จริงๆมันก็มีปัญหาเยอะ นะคะ ที่เจอมา แต่ตัวแอพยังจัดการได้ไม่ดีพออ่ะ การเข้าถึง customer service คุณ แย่มาก,FALSE,เบจางค์
ไม่ดี,2021-03-01 11:53:20,1,ยอดแย่ สมัครใหม่ไม่ได้โค้ดใหม่,FALSE,.lpi
รีวิว,2021-03-01 09:33:31,5,รวดเร็ว สะดวกมากๆ,FALSE,"ayoayekay,"
ผลไม้อร่อย,2021-03-01 08:01:49,5,ชอบตรงผลไม้แช่เย็นกรอบอร่อยค่ะ คุ้มราคา,FALSE,ต่าย มาริสา
ตัดเงินเราไปแต่ทางแอพบอกว่าทำรายการไม่สำเร็จ,2021-03-01 08:15:58,1,คือตัดเงินเราไปแต่บอกว่าทำรายการไม่สำเร็จนั้นแปลว่าเราโดนตัดเงินฟรี คุยกับเจ้าหน้าที่แล้วก็คือต้องรอเงินคืนอีก คือแบบของกินก็ไม่ได้ เงินก็ต้องรอคืนอีก แล้วระหว่างที่เรารอเราจะเอาเงินที่ไหนไปซื้ออะไรกินอะ คุณตัดเงินเราไปคุณไม่เห็นต้องรอเราเลยอะ ทีคืนเงินเราเราต้องรอคุณ ไม่ได้อะไรเป็นค่าเสียเวลาหรือค่ารอฟรีๆแบบนี้เลย,FALSE,ตัง..
ชอบมาก,2021-02-28 23:48:41,5,แอพดีมาก ดีกว่าเดิมเยอะ เริ่มอยากกลับมาใช้เพราะการจัดวางฟังชั่นในแอพดีขึ้น,FALSE,หมูจิ๋ว
ระบบการค้นหาเมนูอาหารห่วยแตก,2021-03-01 05:06:22,1,พิมพ์ชื่อแล้วขึ้นแต่ชื่อร้าน แล้วร้านนั้นก็ไม่มีเมนูที่พิมพ์ จะเด้งเอามาเพื่ออะไร หรือร้านที่มี ก็ต้องกดเข้าไปเพื่อเลื่อนหาเอง แล้วถ้าร้านที่มีเมนู 50+ รายการไม่เลื่อนหาจนตาแตกหรอ ช่วยคิดแนวทางการใช้แอพให้มันใช้ได้จริงด้วยค่ะ ก่อนเขาจะใช้แอพอื่นกันหมด,FALSE,Som Moize
ลดราคา,2021-03-01 01:58:39,2,ในเมนูร้านลดราคา แต่พอคิดราคาดันเป็นราคาเต็มซะงั้น งงมากๆ,FALSE,namwandd
เยี่ยม,2021-02-28 13:49:45,5,เยี่ยมมากๆ,FALSE,กาก้าค่ะ
ผิดหวังค่ะ,2021-02-28 19:21:21,1,อุตส่าห์ไว้ใจใช้ตลอด นี่ติดต่อเรื่องขอเงินคืนเพราะโดนตีดไปทั้งที่ไม่ได้ของ บอกรอ 24 ชม. ตอนนี้จะ 48 ชม. อยู่แล้วยังไม่มีความคืบหน้า,FALSE,เรอในลิฟต์
ถ้าส่งไวจะดีก่อนหนี้,2021-02-28 12:47:18,5,ส่งไวๆ,FALSE,นำ้ไส
แอพแย่,2021-02-28 13:42:24,1,ตัดเงินจากบัญชีแต่ไม่มีออเดอร์ไม่ขึ้น ไม่ได้รับสินค้า แนะนำว่าอย่าเสี่ยง เสียทั้งเงิน เสียทั้งความรู้สึก ไปใช้แอพอื่นที่เสถียรดีกว่า,FALSE,สสมาา
เจอค้างบน i12,2021-02-28 13:28:24,1,คือมันก็ยังจะค้างได้นะ เลิกๆไป,FALSE,Wellpoayed((
ก็ดี,2021-02-28 11:50:17,3,แอพดี หัก9บาทค่าส่งร้านในห้างก็จะติดภาษี แต่ชำระเงินออนไลน์ห่วนแตก สั่งอาหารไป208 บาท แอพหักเงินออกไป แต่ไม่ขึ้นสถานะอะไรเลย อาหารก็ไม่ได้แถมเสียเงินอีกและยังต้องชำระเงินปลายทางอีกสรุปเสียเงิน2อัน 1 ชำระออนไลน์ 2 ชำระเงินปลายทาง ได้อาหารมากิน1 อัน,FALSE,Customer9891
ห่วยแตกมาก,2021-02-28 12:46:25,1,ปัญหาเยอะ ติดต่อcall ก็ยาก.   หักเงินไปแล้วแต่ออเดอร์ไม่ขึ้น.   บอกจะคืนเงินแต่เงินก็ไม่เข้า ล่าสุดลบช่องทางติดต่อแชทออกจากแอพแล้วด้วย.  นี้เงินยังไม่ได้คืนแล้วยังติดต่อไม่ได้,FALSE,ริวริวริว
ห่วย,2021-02-28 12:18:13,1,สั่งอาหารไม่ได้จองแต่เสือกหักเงินในบัตร ติดต่อใครก็ไม่ได้แอดมินเพจก็เงียบกริบ อย่าขายของเลยค่ะ ถ้าไม่มีใครซัพพอร์ตลูกค้าเสียความรู้สึก ส้นเท้ามาก,FALSE,aoooaaoooo
แอพหักเงินไปเอง,2021-02-28 12:05:37,1,"อยากให้มีเบอร์โทรติดต่อไปยัง call center ค่ะ 
พอดีว่ากดสั่งอาหารไป แล้วแอพก็หักเงินไปแล้ว แต่รายการที่สั่งบอกว่าให้เปลี่ยนการชำระ พอเปลี่ยนกดชำระถึงจะสั่งออร์เดอร์ได้",FALSE,ดีม????????????
ตัดบัตรเครดิตผิดบ่อย,2021-02-28 11:08:47,3,กดสั่งอาหารไป ทางฟู้ดตัดบัตรเครดิตไปแล้ว แต่ไม่ขึ้นออเดอร์ ต้องการให้คืนเงินกลับเข้าบัตรค่ะ,FALSE,joomyjmy
สั่งของ คืนเงิน,2021-02-28 10:55:21,1,"สั่งของได้ครบบ้างไม่ครบบ้าง
คืนเงินช้ามากๆ",FALSE,puyaire
แย่,2021-02-28 10:30:29,1,จ่ายผ่านบัตรไม่ได้ มีปัญหาทุกบัตร กดสั่งอาหารจ่ายผ่านบัตร แล้วขึ้นว่าไม่สามารถชำระเงินช่องทางนี้ได้ แต่หักเงินในบัตรไปแล้ว,FALSE,sinceeeee
สั่งของเป็นชั่วโมง ไม่ไหว,2021-02-28 10:25:14,1,สั่งของป็นชั่วโมง,FALSE,Run2529
Stupid sht,2021-02-28 10:14:04,1,"Made me fking wait outside sweating and cancelled my order last minute. What the fck do u mean cant find my address, it says it right there u mtherfcker",FALSE,kahskdkskkq
ความสะดวก,2021-02-28 09:39:01,5,ซื้อสินค้าได้ง่าย ไม่ต้องเสียเวลาไปเอง,FALSE,nuisukhon
หักเงินแต่ออเดอร์ไม่ขึ้นว่าสั่ง,2021-02-28 10:02:19,1,สั่งอาหารโดยใช้โค๊ดส่วนลด ชำระเงินผ่านบัตร แต่บอกว่าชำระเงินไม่ได้ แต่หักเงินไปแล้วเรียบร้อยและออเดอร์ก็ไม่ขึ้น ไปดูในประวัติการสั่งก็ไม่มี แบบนี้จะรับผิดชอบยังไงคะ เสียทั้งเงิน ข้าวก็ไม่ได้กิน,FALSE,pangs....
แอปใช้ง่าย,2021-02-28 09:12:27,5,แอปใช้ง่าย เพิ่มที่อยู่ได้ง่าย,FALSE,ggggggggggik
ทางเลือกหนึ่งของผู้บริโภค,2021-02-28 05:00:22,5,บริการดี,FALSE,Bhoon3
แย่,2021-02-28 08:42:10,1,แอปแย่มาก ล้อคอินเข้าไม่ไหว current location ไปที่ไหนไม่รู้ เพิ่มที่อยู่ไม่ได้ อารมณ์เสีย แอปแย่ ห่วย,FALSE,hoedgtjyuoo
แอฟฯหัวควย,2021-02-28 08:38:01,1,เสียเงินฟรีๆ ข้าวก็ไม่ได้แดก ตังก็ไม่ได้คืน,FALSE,ddddddddddddddolo
จ่ายเงินไม่ได้,2021-02-28 07:48:06,1,ททั้งจ่ายผ่านบัตร เงินสดพอกดซื้อบอกไม่สามารถทำการชำระเงินได้ ให้เปลี่ยนวิธีชำระ แต่พอเปลี่ยนแล้วก็ยังขึ้นแบบเดิม,FALSE,pimsrw
ความห่วย,2021-02-28 06:05:53,1,"อย่างแย่อะตั้งdefault setไว้เป็นบัตรก็เวลากดจ่ายก็ยังจะเป็นเงินสดแล้วก็ยกเลิกออเดอร์ไม่ได้
แล้วเวลาสั่งของที่อยู่ในแอพอะเคยตรงบ้างไหม
แล้วก็ไม่มีที่ให้ติดต่อเวลาส่งผิดบ้านอีกบางร้านให้รอเป็น20นาทีแล้วก็ยกเลิกมันใช่หรอ",FALSE,NoobFoob
ส่วนลด,2021-02-27 09:22:36,5,ชอบที่มีส่วนลดให้เยอะๆ,FALSE,น123เดชสี
-,2021-02-28 04:27:26,1,ตัดเงินผ่านบัตรแล้วไม่ออเดอร์ให้,FALSE,ddddsssdddsssddd
เสลาในการส่งอาหาร,2021-02-28 04:21:41,3,บางรายการอาหารเช่นผลไม้ไม่ได้เวลาปรุงน่าจะใช้เวลาที่เร็วขึ้นกว่าอาหาร,FALSE,ฉลามวาฬ
Location ไม่ตรง,2021-02-28 03:40:39,3,"Locaion ไม่ตรง ...ไม่สามารถแก้ไขให้ถูกต้องได้
...บางแห่งปักถูก แต่ข้อมูลในแอพไม่ละเอียด ก็ต้องหาที่ปักหมุนให้ผ่าน แบบใกล้เคียงที่จริงที่สุด 
...ค้นหาตำแหน่งที่อยู่ ไปไกลกว่าตำแหน่งจริงเยอะมาก ต้องดูเอง ปักหมุนใหม่เอง",FALSE,21 213 john
เข้าใช้งานไม่ได้,2021-02-28 03:32:15,1,สั่งอาหารไปแล้ว แล้วแอพขึ้นระบบขัดข้อง แบบนี้ของที่สั่งจะยังได้ทานมั้ยคะ เป็นแบบนี้บ่อยมากเลยในช่วง 2 อาทิตย์ที่ผ่านมา,FALSE,ซันฟลาว
แอพเวร,2021-02-27 17:22:02,1,สั่งของไปก็รอตั้งนาน ไปมาถูกยกเลิกส้นตีนเถอะ,FALSE,dnjdie
ใช้ครั้งเดียวพอแล้วค่ะ,2021-02-27 11:53:59,1,แย่มากค่ะ ตัดเงินจากบัตรแล้วไม่มีออเดอร์ขึ้น เหมือนหักเงินฟรีๆ พอจะตามเรื่องก็ไม่มีเบอร์คอลเซ็นเตอร์ ไม่เคยเจอเหตุการณ์แบบนี้จากเจ้าอื่นนะคะ แอปนี้ใช้ครั้งเดียวแล้วบายค่ะ ตามเรื่องไปก็ไม่รู้จะได้เรื่องไหม ปกติไม่เคยรีวิวนะคะ แต่ครั้งนี้ไม่ประทับใจจริงๆ ค่ะ แย่มาก,FALSE,ptmstly
Food panda,2021-02-27 07:27:43,5,บริการดี สั่งง่าย,FALSE,joingirlll
โค้ดส่วนลดใช้ไม่ได้จริง,2021-02-27 09:13:36,1,มีโค้ดส่วนลดให้ ทั้งที่กดได้แล้ว พอดำเนินการต่อกลับบอกว่าไม่สามารถใช้โค้ดนี้ได้,FALSE,แป้ง04
สั่งยาก,2021-02-27 08:43:33,1,"ออกแบบหน้าจอได้สั่งยากมาก 

แล้วก็ระบบจ่ายเงินใช้ไม่ได้เลย ทดลองหลายรอบละ

ห่วย",FALSE,ยำยำยำ
เป็นบริการที่ไม่มี call center,2021-02-27 05:34:28,1,"หากเกิดปัญหาต้องรอการตอบกลับ อย่างน้อย 24 ชม.
เช่น โดนหักเงินผ่านบัตรไปแล้ว แต่ออเดอร์ไม่ขึ้น ต้องมานั่งแจ้ง และรอพนักงานมาตอบกลับ 24 ชม ไม่ได้หมายถึงแก้ไขเรียบร้อยนะ แต่หมายถึงเค้าพึ่งจะเข้ามาดูให้",FALSE,Auesss
กาติดต่อแก้ปัญหาไม่สะดวก,2021-02-27 05:05:52,1,กดสั่งอาหาร ระบบแจ้งไม่สำเร็จ แต่ถูกหักเงินไป จะหาเบอร์ call center ก็ไม่มี ติดต่อยาก,FALSE,ชิวๆ งุงิ
สั่งง่าย สะดวก รวดเร็ว,2021-02-27 04:45:58,5,บริการดีมากค่ะ,FALSE,khingning
คือดีย์อะ,2021-02-27 03:24:34,5,ส่งบ่อยค่ะ มีส่วนลดอัพเดต ค่าส่งถูก รอไม่นานค่ะ,FALSE,TUCKKYTAO
สะดวกและรวดเร็ว,2021-02-26 13:43:39,5,ดีมาก,FALSE,โบกี้ รฟท.
ปรับปรุงไรเดอร์ด้วยค่ะ,2021-02-26 16:41:37,1,ไรเดอร์นิสัยแย่ดีค่ะ,FALSE,MrluvRw
ดีงาม,2021-02-26 10:10:31,5,ชอบตรงที่มีส่วนลด และใช้ส่วนลดง่ายมากกกกกกก,FALSE,หนูแดงตะแคงเดิน
อร่อยมาก,2021-02-26 09:08:51,5,อาหารรสชาติอร่อย สั่งกี่ครั้งก็ไม่เคยผิดหวัง,FALSE,ตะวันเคียงดาว
ของไม่ครับใครรับผิดชอบ?,2021-02-26 09:28:20,1,ได้ของมาไม่ครบติดต่อทางhelp center ก็ให้ถ่ายรูปพอถ่ายไปให้รอตั้งนาน แล้วก็ไม่มีไรเกิดขึ้น คือเสียเงินฟรีช่ะ โค้ดส่วนนลดถ้าไม่อยากให้ใช้จะแจกทำไม ทั้งๆที่ไม่ได้ใช้โค้ดเลย พอจะกดชำระเงินกลับบอกว่า คุณใช้โค้ดครบแล้วสำหรับวันนี้ คืออะไร ระบบก็ห่วย 3วันดี4วันไข้ แย่ที่สุด,FALSE,ddg go jhgghj
I like to use discounts for food,2021-02-25 05:48:26,5,"Good, many discounts for different types of food",FALSE,nntnp
อเมซอน,2021-02-26 05:03:55,2,มีสาขาที่ใกล้กว่า,FALSE,นานา14
งงมาก,2021-02-25 05:56:00,1,ล็อกอินเข้าไม่ได้WTF,FALSE,Hyunjinniee?????
ดี,2021-02-25 04:04:17,5,ก็สะดวกดี,FALSE,บ้าบอย
บริการดี,2021-02-25 03:46:05,5,ส่งไว ???? ราคาจัดส่งไม่แพง,FALSE,หม่อนแจน
สุดยอดในการจัดส่ง ในขณะนี้,2021-02-24 06:42:34,5,มีร้านค้าร่วมมากมาย ชอบมากค่ะ,FALSE,ยา ค่ะ
ระบบ,2021-02-24 09:56:03,1,ระบบตัดเงิน มีปัญหา ต้องจ่าย2รอบ??,FALSE,solisismeaw
ทำไม,2021-02-24 09:05:29,1,จะมีให้พิมพ์ชื่อร้านทำไม เมื่อพิมพ์ก็ไม่เคยเจอ,FALSE,สแนดยกสกส
แอพใช้ง่าย พนักงานสุภาพ ขับรถดี,2021-02-24 04:51:12,5,แอพใช้ง่าย พนักงานสุภาพ ขับรถดี,FALSE,tiriop
รีวิว,2021-02-23 07:59:59,5,ถูกและอร่อยมากๆค่ะ,FALSE,ยัยปอเป็ด
อบรมไรเดอร์ด้วย,2021-02-23 08:42:57,2,โดยรวมดี ไรเดอร์ดีๆก็มี แต่ก็มีไรเดอร์บางคนใช้อารมณ์มาขึ้นเสียงกับเรา ทำได้เหรอ?,FALSE,iopiuyfcds
โฆษณาแบบเหมือนบังคับให้กดสั่ง,2021-02-23 06:23:48,1,ใช้พื้นหลังขาว ปุ่มปิดสีขาว มีปุ่มปิดมีสีแต่กดไม่ได้,FALSE,D@rkM@tteR
เสียเวลา,2021-02-22 16:24:12,1,รับออเดอร์ไปแล้วยกเลิก,FALSE,น้ำมันนนน
คุ้มและเร็ว,2021-02-22 13:26:01,5,จ่ายค่าส่งน้อย บริการดี มีมารยาท อาหารถึงไว คุ้มค่า,FALSE,chinesebrat
ภคอร ฝน จ้า6576,2021-02-22 10:45:28,5,เคยเจอพนักงานfoodpanda ตอนที่ลูกป่วย ไข้สูงแล้ว ชัก ...คุนแม่ งง เลยอุ้มลูกออกมาเจอพนักงาน พู้ดแพนด้า แล้วให้คนส่งอาหารส่งไปหาโรงพยาบาลสินแพทย์ แล้วพรักงาน พาไปโดยด่วน ทันเวลา มาก อยากขอบคุน ความมีนำ้ใจ ของพนักงานคนนันัคะ,FALSE,fon6576
ระยะทางร้านค้า,2021-02-22 12:09:43,4,ควรบอกระยะทางระหว่างร้านค้า กับผู้สั่ง,FALSE,butane.t
Good,2021-02-22 10:41:03,5,ชอบง่ายอิ่มสะดวกรวดเร็วค่ะ,FALSE,จอย999
สั่งเพราะหิวข้าว,2021-02-22 10:24:02,5,บริการดีครับ รถท่อไม่ดัง,FALSE,gggooottt16
Promotion,2021-02-22 09:09:01,5,อยากให้จัดแบบนี้ตลอดไปครับ. ดีมากครับ,FALSE,niyamas
ดีจริง,2021-02-22 06:56:23,5,ไม่อดตายเพราะแอพนี้ ขอบคุณ,FALSE,อดัม 5090
แก้ไขที่อยู่ไม่ได้/ไม่พบที่อยู่ของเรา,2021-02-22 07:57:38,1,แก้ไขที่อยู่ไม่ได้ ไปจำแต่ที่อยู่คนอื่น พอพิมพ์ที่อยู่เราไปก็ไม่พบข้อมูล เลยสั่งไม่ได้สักที ??????,FALSE,แมวส้มของใคร
ปัญหา,2021-02-22 07:53:44,3,เชื่อมกับ ทรูมันนี่ วอลเล็ต แล้วเราเติมเงินไปแล้ว ยอมเงินก็ไม่ตัดบอกใช้ไม่ได้ทั้งๆที่เราก็ใช้ประจำ และตัวคะแนนที่ใช้แลกเป็นส่วนลดก็หายไป,FALSE,jellsasiwimon
ติ,2021-02-22 06:59:28,2,ค่าส่งแพงค่าอาหารก็มีแต่ร้านแพงๆใครที่ต้องการเซฟเงินหรือหาอาหารราคาถูกๆเลื่อนผ่านแอพนี้ได้เลย,FALSE,Paiaventador
ควรมีการให้ทิปคนส่งอาหารค่ะ,2021-02-21 13:10:35,5,อยากให้มี Option การให้ทิปกับพนักงานส่งอาหารค่ะ,FALSE,sandwixhh
คุณภาพตก,2021-02-22 05:06:40,1,ใช้งานยากกว่าเดิม อธิบายรายการ ก็ไม่ชัด,FALSE,Kristian GF
ร,2021-02-22 03:49:18,3,อยากให้มีโอนค่ะบางทีก็ไม่มีเงินติดตัวแต่มีเงินในธนาคาร,FALSE,ไก่(ด
ควรมีช่องระบุข้อความเพิ่มเติมทุกการสั่งอาหารและน้ำ,2021-02-21 14:43:46,4,ควรมีช่องหมายเหตุให้ระบุข้อความหรือระบุเพิ่มเติมทุกช่องที่เป็นการสั่งอาหารและน้ำ,FALSE,Fernlyjef
ทำไมแอพไม่มีให้รีวิวร้านในประวัติสั่งซื้อ,2021-02-21 12:24:54,2,ควรมีรีวิวร้านในประวัติสั่งซื้อ สั่งมาแล้ว 10 กว่าครั้งไม่มีรีวิวขึ้นสักครั้ง ร้านไหนดีได้รีวิวประกอบดารตัดสินใจ  ร้านไหนไม่ดีเค้าได้ปรับปรุง เพื่อลูกค้าได้รับบริการที่ดี นี้คือเหมือนปิดบัง กลัวอะไร,FALSE,nyddhj
??????,2021-02-21 12:13:26,1,????????????????????????????????? ??????????,FALSE,????
????????????,2021-02-21 09:50:09,1,แย่มากๆๆๆๆๆ,FALSE,อออออนนรรรรรักะร
ยกเลิกบ่อยเกิน,2021-02-21 09:18:32,1,สั่งของ3ร้านยกเลิก3ร้านสั่งkfcยังยกเลิกไม่มีคนส่งหรือว่าไง????,FALSE,nutpanut
ขอเงินคืนยากมาก,2021-02-21 07:48:45,1,ออเดอร์อาหารแล้วจ่ายผ่านตัดบัตร แต่ยกเลิกออเดอร์แล้วขอเงินคืน ยากมาก ติดต่อศูนย์เหลือแล้วสองสามรอบไม่มีวี่แววว่าจะได้เงินคืนเลย,FALSE,wipasbibes
อัพเดท,2021-02-21 05:56:24,1,อีพเดทแล้วทำไมไม่มีเวอร์ชั่นภารกิจและรางวัลคะ,FALSE,jjklllkkk
ขอบคุณที่ส่งอาหารที่อยากกินให้กิน,2021-02-21 04:25:42,5,บริการดีมากๆๆๆส่งเร็วจริงอะไรจริงค่ะ,FALSE,คุณลี่
Complaint,2021-02-21 04:35:36,1,Your app is not working,FALSE,Mrs. imdad
Useless help center,2021-02-21 04:33:58,1,"Theres a problem and I need an answer so I go straight to their help center service which is available on their application.
 Im asking how much time do I need to wait for my refund? cause Ive been canceled my order but all the answer I got was just check my e-wallet!? well I know how to check my wallet Im asking how long do i need to wait and she still answer just check your wallet  we go over this question for 3 times and Im sure Im asking the WAITING PERIOD NOT HOW TO CHECK MY WALLET  what a useless help center! So long food panda if theres only two choices of delivery app please make sure to use any app that is not Foodpanda :)",FALSE,Teewrt
สะดวกดีแต่ร้านน้อยไปหน่อย แถวบ้าน,2021-02-20 11:29:55,5,สะดวกดีครับแต่ว่าร้านน้อยไปหน่อย,FALSE,Gongji1
ค่าส่งแพงงงงงง,2021-02-20 16:51:41,3,ค่าส่งโคตรแพงงงงงงง,FALSE,นาต้า
บริการแย่,2021-02-20 12:38:57,1,สั่งkfcแต่ของหายไปอย่างนึงแถมกล่องเปิดนิดนึงไม่รู้แอบเอาไปรึเปล่า โหลดมาครั้งแรกก็ไม่ดีแล้วบริการแย่มากของหายกล่องเปิด,FALSE,poomjibi
ร้านค้าที่หน้ารายการลดราคา,2021-02-20 12:11:30,4,ร้านค้าบางร้านที่มีรายการอาหารลดราคา หน้ารายการโชว์ว่าลดราคา แต่ทำไมพอสรุปยอดกลับไม่เป็นราคาที่ลด ไม่มีส่วนลดราคาให้เลย และคิดยอดเต็มจำนวน เป็นที่ระบบหรือเป็นที่ร้านค้า,FALSE,Mo Chada
สั่งอาหาร,2021-02-20 07:51:49,5,สะดวกดีครับ,FALSE,tanin_j
ควรมีให้เขียนรีวิวร้านเอง,2021-02-20 08:55:07,1,นี่ต้องรอแอพเด้งถึงจะเขียนรีวิวได้ อยากจะรีวิวใจจะขาด สั่งอาหารอีกอย่างได้อีกอย่าง แถมอาหารไม่ตรงปก ราคาแพงปริมาณเท่าหอยมด,FALSE,ALHFDXS
Good,2021-02-20 05:31:30,5,????,FALSE,seangmaly
ดีมาก??,2021-02-19 20:21:56,5,รวดเร็วทันใจ ????,FALSE,ครอบครัวตัวกลม ??
Service,2021-02-19 03:56:46,5,ง่อยแดกกันเลยทีเดียว สะดวกสบายมากกกกก,FALSE,PNCYing
ได้ของไม่ครบ,2021-02-19 15:59:31,1,ได้ของไม่ครบ น่าจะตกหล่นในกระเป๋าคนขับ แต่ซัพพอร์ตช่วยไรไม่ได้ ติดต่อคนขับก็ไม่ได้ สังขนมปังสังขยาใบเตย ได้แต่ขนมปัง  ซัพพอร์ต ก็บอกได้แค่จะให้วอชเขอร์ แต่กูจะแดกตอนนี้ เก็ทป่ะ แค่ติดต่อคนขับให้วนคืนมามันยากนักเหรอวะ งง  กูประชดบอกไม่เป็นไรแดกหนมปังเปล่าๆก็ได้ เสือกบอก โอเค เออ เยี่ยมมากอีเหี้ย,FALSE,JohnTheRen
การหักเงิน,2021-02-19 15:16:48,1,แย่มากค่ะ ชำระค่าบริการโดยการตัดบัตร ขึ้นแจ้งว่าไม่สามารถดำเนินการได้ ให้เปลี่ยนวิธีชำระเงิน แต่ยอดเงินในบัตรเราถูกตัดไปแล้ว ร้องเรียน ติดต่อ ขอคืนเงินยากมาก,FALSE,supa_v
แอปเด้ง,2021-02-19 14:37:55,1,แอปเด้งตลอดเลยตอนใส่เบอร์ยืนยันระบบ,FALSE,S-Park Tv
ไรเดอร์พูดจา...,2021-02-19 07:47:18,1,"ร้านก็ขึ้นส่งฟรี ลูกค้าก็มีสิทธ์เลือกสั่งหรือป่าว โทรมาว่าไม่รู้หรอร้านอยู่ไหน มันไกลกับที่บ้าน พูดจาน้ำเสียงแย่ ไม่เต็มใจมาส่ง 
พอมาถึงก็โวยคราวหน้าก่อนสั่งเลือกร้านหน่อยนะ เอิ่มมันก็ขึ้นมาให้เลือกเองหรือป่าว จะรอแค่ไหนฉันก็กดสั่วไปเองแล้วมาว่าแบบนี้ทำไม? มาไล่ให้คราวหน้าไปซื้อเองแล้วจะมีแอปมาเพื่อ สรุปลบแอปเลยละกัน :)",FALSE,tangmo80
แอพดี ส่วนลดเพียบ,2021-02-18 15:30:02,5,มีร้านอาหารให้เลือกเยอะมาก แถมส่งทุกจังหวัดแล้ว ชอบมาก ส่วนลดก็เยอะ ชอบมากค่ะ,FALSE,Yxxo
หันไปใช้ไลน์เเมนเเทนเเล้ง,2021-02-18 16:58:35,2,"เเอปนี้ใช้คนละครึ่งผ่านเเอปไม่ได้เหมือนไลน์เเมน เเย่จัง!
ถ้าพัฒนาอีกนิดก็ดีนะ",FALSE,เกาหำ
ห่วยค่ะ,2021-02-18 15:40:06,1,ยกเลิกออเดอร์บ่อย ตัดเงินผ่านบัตรเครดิตพอยกเลิกแอเดอร์ไม่ได้เงินคืน การค้นหาก็ยังมั่วๆ call centerก้อไม่มีติดต่อโคตรยาก เข้าไปคุยใน help center ก้อไม่มีคนตอบจะสร้างศูนย์ช่วยเหลือมาทำไม ไปหาแอปส่งอาหารอื่นเถอะค่ะ ถ้าคิดจะสั่งแอปนี้,FALSE,Jiroorn_k
ข้าวหมูชาชู,2021-02-18 12:30:56,5,ราคาคุ้มค่า แถวอร่อยใช้ได้????,FALSE,โน๊ต??
คุณภาพ,2021-02-18 10:00:07,5,เยี่ยม เยี่ยม เก่งมาก ดีมาก,FALSE,พตพตพนสพ
ระบบเเอพสลวนๆ,2021-02-18 10:40:48,4,เเอพช้าๆ สลวนๆ บ้งๆ,FALSE,kradangnga
การให้บริการ,2021-02-18 09:04:42,5,เหมาะกับยุคมีการระบาดโรคโควิด19,FALSE,ดอกกุม
ลบ,2021-02-18 08:01:28,5,ลบแอ๊ปแล้วค่ะ ไม่รู้จะทำไงเปลี่ยนเครื่องแล้วเข้าเมลเดิมไม่ได้เบอร์ตัวเองไม่ได้ใช่สร้างเมลไหมไม่ได้ ไม่รู้จะใส่เบอร์หมาที่ไหน หิวจนตาลาย พอส่งคำร้องไปตอนนี้ปิดกั้นและ ก้อไม่รู้จะสั่งยังไง เลยสั่งกับที่อื่นจบ,FALSE,มนร่าตัเ่ัเเรร
แอพสั่งอาหารที่ดีมากๆ,2021-02-18 05:49:41,5,"ชอบมากค่ะ เป็นแอพสั่งอาหารที่ดีมากๆ เมนูใช้งานง่าย สบายตา ชอบที่สุดคือมียอดรีวิวของแต่ละร้านแสดงไว้ ซึ่งเป็นตัวช่วยในการตัดสินใจสั่งร้านนั้นๆ ได้ดีมากค่ะ ขอให้พัฒนาต่อไป

ข้อเสียในตอนนี้คือเวลาสั่งอาหารแล้วร้านไหนอร่อย เราก็อยากจะรีวิวให้กับร้านนั้น แต่ก็ไม่สามารถทำได้ เพราะแอพไม่มีเมนูให้รีวิวเลย ต้องรอให้ขึ้นหน้ารีวิวมาเอง ซึ่งบางก็ไม่รู้ว่าจะขึ้นมาตอนไหน บางร้านไม่ขึ้นเลย อยากให้ปรับปรุงในจุดนี้ค่ะ",FALSE,Aomsin Chang
ชอบ สะดวก สุภาพ รวดเร็ว ชอบ สะดวก สุภาพ รวดเร็วชอบ สะดวก สุภาพ รวดเร็ว,2021-02-18 05:28:56,5,"ชอบ สะดวก สุภาพ รวดเร็ว
ชอบ สะดวก สุภาพ รวดเร็ว",FALSE,Koa too
เยี่ยมยอด,2021-02-18 04:58:19,5,สะดวกต่อการไปนั่งรอที่ร้าน ยอมเสียค่าจัดส่งแทนค่าน้ำมัน ชอบค่ะ,FALSE,Kekeiistang
เริ่ด,2021-02-17 11:14:59,5,สะดวก สบาย อย่างที่ไม่เคยมีมาก่อน??????,FALSE,หนึ่งไม่ใช่สอง
แย่มาก,2021-02-17 12:22:00,1,ครั้ง แรกก็ไม่ประทับใจ,FALSE,pingkee10389
รัก,2021-02-17 07:40:45,5,รักเลย,FALSE,atwhan
ระบบแย่ มีปัญหาบ่อยมาก,2021-02-17 07:41:40,1,มีปัญหาเรื่องการหักเงิน คืนเงินช้า ดำเนินเรื่องช้า ติดต่อได้ยาก ????????????????,FALSE,ารนร
ใช้ง่านง่ายดี,2021-02-17 07:17:15,5,ใช้งานง่ายเวลาเร็วดีคับ,FALSE,พ่อพระเอก
สะดวกดีค่ะ??,2021-02-17 04:39:36,5,"App ใช้งานง่าย สะดวกสบายในการสั่งอาหาร ตอนนี้มีครบ 77 จังหวัดแล้ว เวลาไปต่างจังหวัด พักที่โรงแรมก็สามารถกดสั่งอาหารได้เลย สะดวกมากๆ 
เป็นกำลังใจให้พัฒนา App ต่อไปนะคะ??",FALSE,kamonluckph
Bad app maintenance,2021-02-17 05:15:40,1,"First the service is not friendly. If you search one place you get certain shop. But when move just several kilometers the shop change and can not make a delivery.
The basket is not friendly can add in one touch but need to delete in basket? The wishlist is not update until make a order? The search seem only to get the result of the most delivery fee of 9 bath. For further shop you need to move your self to order? 
I see these problem like 1-2 year ago and it still not fix. Only the promotion and customer engagement is the implement? Good job prioritizing.",FALSE,Traveler-71
ไวดี,2021-02-17 03:36:03,5,สุดๆ,FALSE,เสกลูกพี่กุ้ง
ร้านอร่อยมากค่ะ,2021-02-16 06:55:57,5,ร้านนี้อร่อยมากจ้า,FALSE,บีสวย
Difficult with drivers,2021-02-16 13:51:18,3,"Guys you need to improve :
-Allow add pictures in chat 
-Allow add links ie. google maps

Driver always call confused with addresses and they cant speak English and some costumers cant speak Thai 
????????????",FALSE,Alvarorubio13
ปรับปรุงระบบปักหมุด,2021-02-16 12:41:55,1,ปักหมุดยังไงก็ไม่ตรง จะเอาแต่สถานที่ๆมาร์กในแมป ปักหมุดให้ตรงบ้านตัวเองไม่ได้เลย พอเลื่อนหมุดให้ตรง ข้อมูลที่อยู่ บ้านเลขที่ หายหมด,FALSE,VTEC_PDK
ควรมีปุ่มกดเพื่อยืนยันสั่ง,2021-02-16 12:31:28,2,ควรมีปุ่มดังกล่าวเพราะบางทีมือไปโดนก็สั่งแล้ว ควรมีปุ่มกันไว้เพื่อให้แน่ใจค่อยสั่ง,FALSE,fhcxgjnvgjbv
สำหรับวันนี้,2021-02-16 06:06:18,1,วันนี้กุจะมาถอนแอพออก,FALSE,กุเองครับ
