review,rating,isEdited,title,date,userName
อาหารก็ถูก ค่าส่งก็ถูก,5,FALSE,ค่าส่ง 10 บาทคุ้มมากค่ะ ร้านไกลอยู่!!,2019-12-28 12:00:15,น้องเอเชีย
ส่งไว รวดเร็วทันใจมากเลยค่ะ,5,FALSE,อาหารมื้อค่ำ,2019-12-23 13:51:23,หมวดกระต่าย
Ever Since I switched to my iPhone 7 Plus line man has not worked. As soon as I click on a service button like Messenger or food or postal it kills the app therefore I have rated of this app one star,1,FALSE,Never works,2017-10-21 09:39:56,kellettbkk
"1 ควรมีช่องให้ค้นหาร้านใกล้ๆ
2 ใส่โค้ดแล้วรอนาน
3 มีแต่ร้านสปอนเซอร์หรืออะรไก็ไม่รู้
โดยรวมแล้วใช้ยาก ควรรับสมัครเทสเตอร์ใหม่ค่ะ",1,FALSE,UIอ่อน แอพยังไม่เสถียร,2017-09-30 07:31:36,552541513
ช่วยให้แท็กซี่ทุกคนรับการโอนเงินเป็นไม่ได้หรอครับ แล้วช่องที่เขียนไว้ว่า ข้อความ มีไว้ทำไมอะครับ เขียนไปก็ไม่เห็นจะเคยอ่านกัน เขียนบ้านเลขที่ไป เขียนบอกว่าขอคนที่รับโอน พอคุยในไลน์ก็มาบอกไม่สะดวกรับโอนยกเลิกเลยครับ คือไรอะ แล้วก็ยังถามทุกรอบอีกด้วยว่าบ้านเลขที่เท่าไหร่ ถ้าเป็นงี้เอากล่องข้อความออกก็ได้นะครับ,1,FALSE,การโอนเงิน,2018-12-27 00:21:05,น้องเลย์นะครับ
พี่เค้าน่ารักมากก ที่สุด บริการดีมากกกก ยิ้มสดใสมากกก,5,FALSE,Super Line man,2020-03-01 02:07:09,แม่หญิง เซรี
"ยกให้ที่1เรื่องค่าส่งแพง! ซอยข้างๆยัง70-80บาท
แอพอื่นเริ่มต้น10บาทต่างกันอย่างชัดเจน",1,FALSE,ค่าส่ง,2019-06-18 10:33:40,ไอควายแมค
คนส่งบริการดี ออเดอร์ถูกต้องตามสั่งจ้า ??,5,FALSE,ดีเยี่ยม,2020-11-16 04:41:49,fah nareerat
"ค่าส่งอาหารแพงมากกก แพงก็ค่าอาหาร3 เท่าตัวเลย 
แต่ข้อดีคือมีอาหารมากกว่าแอพอื่นๆ แน่เสียอย่างเดียวเรื่องค่าส่งแพงเกินจริง",1,FALSE,ค่าส่ง,2019-12-27 20:26:09,Songja2
แอพไม่พร้อมเลย,1,FALSE,แอพไม่พร้อม,2017-10-25 07:49:48,อย่าเยอะหลายชื่อล่ะ
ควรจะทำให้จ่ายด้วยบัตรเดบิตหรือเครดิตได้แล้วนะคะ,1,FALSE,สิ่ฃที่ควรปรับปรุง,2017-08-27 09:24:16,Bingsoooooo
Line Man ต้องการสิทธิ์เข้าถึงรายชื่อเพื่อนในไลน์ และสิทธิ์ในการส่งข้อความหาเพื่อนทุกคนและกลุ่มทุกกลุ่ม ในนามของลูกค้าทำไมครับ มันไม่เห็นจะเกี่ยวข้องอะไรกับการที่ลูกค้าจะใช้บริการของไลน์แมนเลย มันควรเป็นเรื่องของใครของมันนะ ถ้าผมจะใช้บริการ มันก็ควรเป็นเรื่องระหว่างผมกับไลน์แมน จะเอาข้อมูลเพื่อน ข้อมูลกลุ่มของผมไปทำไมเหรอ,1,FALSE,ขอสิทธิ์เข้าถึงข้อมูลส่วนตัวลูกค้ามากเกินไป,2021-02-27 05:40:59,Wuddhi
ดีครับผมชอบใช้ lineman,5,FALSE,ส่งรวดเร็ว,2020-05-30 14:55:34,Nattabot
แอปควายจริงๆ อย่าไปสั่ง ค่าส่งมีหรอวะ3ร้อยกว่าบาท พ่อมึง,1,FALSE,ควาย,2020-07-28 08:17:54,แอปควาย
คนส่งอาหารสุภาพมากกกกกกก ก.ไก่ล้านตัว ยกมือไหว้ตลอดทำเอาเกรงใจเลย,5,FALSE,สุภาพมากกกกกก,2020-04-27 23:10:24,แสตมป์โชคชัย4
ค่าส่งแพงมากกกกกก อย่างอื่นดีหมด คนขับบริการดี แต่ค่าส่งทำไมแพงเหลือเกินนนนนน,3,FALSE,ค่าส่ง,2020-05-25 10:23:22,อู้ละหว่าตะเหม่
อาหารสะอาด รสชาติดี ส่งของเร็ว,5,FALSE,ดีมาก,2020-08-03 10:36:14,geegi jk
tell me the reason for permission my friend info from app required,1,FALSE,require,2018-08-20 10:45:18,jormkwan
ไลน์แมนบริการดีมากค่ะ โทรบอกรายงานน่ารักมากค่ะ,5,FALSE,ไลน์แมนบริการดีมากค่ะ,2019-12-12 17:53:51,Piyanuch Nojit
ห่วยเเตกมากครับ เรียกรถอยู่ดีๆก็ ยกเลิกเฉยเลย ทำผมเสียเวลามากๆครับ,1,FALSE,Line Man Taxi,2019-01-07 11:26:48,in front of us
เพื่อนคู่คิด(เมนู) มิตรคู่(มือถือ)คุณ บริการฉับไวภายใน กรุงเทพ,5,FALSE,เนียนทุกหยด รสอร่อย,2021-03-19 13:26:22,Myweediscool
สะดวก ใช้งานง่าย ชอบแอปไลน์แมนมาก,5,FALSE,ใช้งานง่าย,2021-03-19 06:43:00,Khanitg
ดี,5,FALSE,ดี,2021-03-19 06:13:55,โอ้เอ้เอง
แพคเก็จกับราคาทางร้านเริ่ดมาก คุณภาพหรูหรามาก,5,FALSE,เริ่ด เรื่องราวดีๆเวีอร์,2021-03-19 03:38:23,ไอแอมเวอจิ้น
อร่อยดี ถูกใจ ส่งไว,5,FALSE,รสชาติใช้ได้,2021-03-18 20:46:46,Kratuakratua
ส่งเร็วมากกกค่ะ,5,FALSE,Line man,2021-03-18 09:15:04,dney nprd
ราคาค่าส่งสูงมากหากเทียบกับเจ้าอื่น,2,FALSE,cost too high,2021-03-18 13:18:12,Yuy Kanokporn
Fast n nice,5,FALSE,Nice service,2021-03-18 09:09:43,oil1689
ไม่เคยทำให้ผิดหวัง,5,FALSE,บริการดี,2021-03-18 06:56:28,nanny-nantichar
บริการไว สุภาพ,5,FALSE,Line man,2021-03-18 06:50:58,Yenis20
ให้เยอะมากค่ะ คุ้มกับราคา อร่อย,5,FALSE,รีวิวอาหาร,2021-03-18 06:10:05,ก๊ะ2533
อาหารอร่อย บรรจุภัณฑ์สะอาด,5,FALSE,ยอดเยี่ยม,2021-03-18 06:09:25,โคตาระเทา
พนักงานบริการดีมาก สุภาพมากๆเลยค่ะ,5,FALSE,การบริการของพนักงาน,2021-03-18 03:29:47,Mim napat
ควบคุมทุกพื้นที่. ชอบๆ,5,FALSE,ชอบๆ,2021-03-18 02:43:54,Oilsarunya99
สะดวกเร็ว,5,FALSE,เร็วมาก,2021-03-17 13:24:34,annpunnipa
Too expensive  compare with another brand,4,FALSE,delivery fee,2021-03-17 16:15:14,Madameammy
คนส่งอาหารให้บริการดีมาก คำพูดดีมากค่ะ ขอชื่นชม,5,FALSE,ชื่นชม,2021-03-17 09:39:30,koawjaw
บริการรวดเร็วตรงตามสั่ง,5,FALSE,สั่งของ,2021-03-17 06:17:08,แม่ออน
อาหารน่าทาน ผักสดมากให้เยอะ น้ำจิ้มอร่อย จัดส่งรวดเร็วมาก ขอบคุณมากที่ใส่ใจลูกค้านะคะ,5,FALSE,สั่งอาหารครั้งแรก,2021-03-17 05:21:53,ปลา4289
ไวมาก,5,FALSE,ของคุณ สำหรับมื้อพิเศษ,2021-03-17 04:58:23,วะบาส
รวดเร็ว,5,FALSE,ส่งขนมหวาน,2021-03-16 10:51:43,Boom9955
บางทีก็หาคนขับไม่ได้ บางทีก็โดนยกเลิกออร์เดอร์,3,FALSE,บริการดี แต่บางครั้งก็ไม่ดี,2021-03-16 11:11:35,preawra
รวดเร็ว,5,FALSE,งานจัดส่ง,2021-03-16 05:58:47,ปลา_อาริสา
บริการดี ร้านอาหารก็ทำเร็ว ส่งเร็วมาก คะ,5,FALSE,ดี,2021-03-16 04:09:31,Tew@yaovaluk
เยี่ยม,5,FALSE,ดี,2021-03-16 03:57:36,โต้ง27
"บริการดี รวดเร็ว มืออาชีพ
ได้สินค้าตามสั่งอย่างที่ต้องการ",5,FALSE,Good service ??????????????????????,2021-03-15 20:44:41,Mai /Bangkok
พนักงานโทรมายืนยัน สถานที่ส่งของก่อน กันการผิดพลาด สุภาพเรียบร้อย ส่งของครบตามออเดอร์  รออาหารไม่นานค่ะ ถ้ารอนายกว่านี้นิดนึงก็รับได้ อยากให้ พนง ทุกคน ห่วงตัวเอง ขับรถให้ปลอดภัยมากกว่า,5,FALSE,Very Happy with his service.,2021-03-15 10:22:32,TuesdayShine
ซื้อโดนัดที่ห้างแห่งหนึ่ง ราคา264฿ ใช้ส่วนลดลูกค้าใหม่80฿ แต่พอคนส่งของมาถึงกลับจ่ายราคาเต็มควรปรับปรุงระบบด้วยนะค่ะ,1,FALSE,ระบบส่วนลดมีปัญหารึป่าวค่ะ,2021-03-15 11:13:39,ซีพาสพาส
คือดีมาก ร้านใส่ใจ มีผักครบ ห้อใบตอง ช้อนกระดาษ รสชาตดี ( สั่งข้าวผัดน้ำพริกกระปิ) ได้ปลาทูแกะก้าวทั้งตัว ในราคา 60.- คือคุ้มมาก,5,FALSE,รีวิวอาหาร,2021-03-15 02:22:48,kanchanarat
จัดส่งรวดเร็ว อาหารได้ครบตามที่สั่ง คนขับส่งบริการสุภาพดีมากครับ,5,FALSE,เรื่องของโจ๊ก,2021-03-14 15:02:16,Nu Pitsanu
ค,5,FALSE,คนขับพูดจาดีและสุภาพมากๆคะ,2021-03-14 13:27:48,parasos
อยากให้มีให้เขียนคอมเม้นเกี่ยวกับรายการอาหารที่ได้รับ แล้วก็อยากให้สามารถติ้กความพึงพอใจได้หลายๆช่องพร้อมกันอย่างเช่น ร้านอาหารคุณภาพดีคือจะติ๊กก็ติ๊กได้แค่ช่องเดียวอะ แล้วคนขับก็สุภาพอยากจะติ๊กให้ก็ติ๊กไม่ได้เพราะติ๊กร้านอาหารไปแล้วงี้อะค่ะ,5,FALSE,อ่านด้วย,2021-03-14 12:53:06,เพลงpleng
อาหารอร่อยมาก ขนมปังปิ้งกำลังดี คนส่งก็ดี พูดจาดีมาก มาเร็วด้วย,5,FALSE,ชื่นชม,2021-03-14 12:18:11,Gartoonmimme
นิสัยดี พูดเพราะ,5,FALSE,ส่งอาหาร,2021-03-14 10:29:04,nattarika2263
อาหารได้เยอะมาก อร่อยมาก,5,FALSE,อาหาร,2021-03-14 10:10:32,125748926493
เร็วมากก,5,FALSE,ไลน์แมนบริการดีมากกกก,2021-03-14 06:23:31,ห่ารากกก
"น่าจะมีการให้คะแนน ร้านค้าได้นะครับ บางร้านก็ไม่ตรงปก บางร้านที่รับเราชนะ ก็ให้น้อยมาก 
และบางทีแอฟก็ไม่เสถียร",2,FALSE,ฝากถึง,2021-03-14 07:03:20,นุทาโร่
บริการดีมากค่ะ,5,FALSE,ฝากถึงไลน์แมน,2021-03-13 18:59:01,เกศวลี
ค่าจัดส่ง  บางครั้งแพงเกินไป,4,FALSE,ค่าจัดส่ง,2021-03-14 05:45:13,คิด วิเคราะ แยกแยะ
เมื่อไหร่iosจะมีline man rider,3,FALSE,ควรพัฒนา,2021-03-14 03:17:48,AumzMolares
รบกวนช่วยทำช่องแชทคุยกับไลน์แมนด้วยนะคะ,5,FALSE,อยากให้มีช่องแชทคุยกับไลน์แมนด้วย,2021-03-13 12:38:41,champaign19
คนขับมารยาทดีมากๆค่ะ,5,FALSE,คอมเม้นไลเดอร์,2021-03-13 10:47:31,วลัยมาศ
ให้ติ๊บไป 120 ด้วย,5,FALSE,ให้บริการอย่างดี,2021-03-13 01:58:17,ไปร น่ะค่ะ
คนขับน่ารักดีสอบถามรายละเอียดก่อนสั่งค่ะ,5,FALSE,คนขับสุภาพ,2021-03-12 12:05:17,เดือนแรม
"จะใช้สิทธ์เราชนะแต่พอร้านส่งโค้ดมาก็สแกนไม่ได้ จะแคนเซิลออเดอร์ก็ไม่ทันแล้ว สรุปก็คือต้องจ่ายเอง

+ ส่งเรื่องไปทางcustomer serviceมาจะอาทิตย์นึงแล้ว จะไม่มีใครติดต่อกลับมาเลยหรอคะ??",1,FALSE,ใช้เราชนะไม่ได้ / ไม่มีใครตอบกลับปัญหา,2021-03-12 13:49:00,bkmllll
ค่าส่งแพง พนักงานไร้คุณภาพและความกระตือรือร้น,1,FALSE,แย่,2021-03-12 12:09:38,Piyabutr niemwiwad
Good,5,FALSE,Good,2021-03-12 11:24:23,Mc Natthapong
บริการดีส่งสินค้าไว,5,FALSE,บริการดีมาก,2021-03-12 06:49:29,mintshee
เป็นที่เราคนเดียวรึเปล่าไม่รู้ใช้เราชนะกับไลน์สั่งอาหารไม่ได้เลย สองรอบต้องจ่ายเองตลอด,1,FALSE,ใช้เราชนะกับไลน์แมน,2021-03-12 09:04:23,@123ไม่รู้
น่ารักค่ะ,5,FALSE,น้องน่ารัก มีแต่ความสุภาพ,2021-03-12 05:54:53,Wannipha S
????,5,FALSE,คนขับใจดีมากครับ ช่วยให้ได้ใช้เราชนะ ??,2021-03-11 16:10:42,pppoufffd
บริการของพนักงานดีแล้ว แต่ร้านค้าควรมีมาตรฐานการขายนิดยึง ปริมาณอาหารนิดนึง อย่าเอาแต่กำไรเนาะ ??,3,FALSE,อาหารน้อย,2021-03-12 04:58:51,Goooooddd game
ไว เร็วดี,5,FALSE,รวดเร็ว,2021-03-11 11:39:31,VekunG
การจัดส่วรวดเร็ว ออร์เดอร์ตรง แต่แอพชอบยกเลิกออร์เดอร์ให้เอง,4,FALSE,การจัดส่ง,2021-03-11 11:50:57,Slotheria
??????????,5,FALSE,รวดเร็วมากค่ะ,2021-03-11 07:31:51,กูเอง2019
ผมกด cancel order ทันทีแต่กว่าจะมีคนมารับเรื่องทางร้านอาหารก็เตรียมอาหารไปแล้ว สุดท้ายกดยกเลิกไม่ทัน แนะนำให้โทรไปที่ร้านเลยดีกว่าครับ อย่าไปรอทีมที่ทำงานล่าช้าแบบนี้ครับ,1,FALSE,support ทำงานล่าช้า,2021-03-11 10:33:19,gunnhpsx
อร่อย กรอป ไม่เลี่ยนค่ะ,5,FALSE,เครป,2021-03-11 06:45:43,แนน-แนน
ไม่สามารถสแกนจ่ายคนละครึ่งได้,5,FALSE,การชำระเงิน,2021-03-10 13:31:55,Mewlita
เหนื่อยใจ มีแต่ให้เพิ่มเมนูแต่ไม่ให้ลบออก ควรมีกดยกเลิกคำสั่งเมนูที่เปลี่ยนใจ ไม่ใช่ให้โทรไปติดต่อกับร้านเอง,1,FALSE,แย่ควรปรับปรุงเร่งด่วน,2021-03-11 04:01:13,nitipong22
ค่าส่งแพงมาก ขนาดใกล้ๆ ไปค่ะ ลบทิ้งเลิกใช้,1,FALSE,ค่าส่งแพง,2021-03-10 13:46:49,mangkapurn
พนักงานพูดจาดีมากค่ะ มารยาทดี ไปลามาไหว้ เพิ่งเคยเห็น ประทับใจค่ะ,5,FALSE,ประทับใจการจัดส่ง,2021-03-10 12:28:53,แม่น้องปอปลา
รวดเร็วทันใจ,5,FALSE,บริการ,2021-03-10 12:25:17,Puithanu
ให้10 คะแนนเต็มค่า,5,FALSE,คนขับมารยาทดีมากๆ,2021-03-10 09:36:14,amenala
ประทับใจค่ะ เรื่องจัดส่งไม่ต้องโทรถามถึงที่เลยค่ะ,5,FALSE,การส่ง,2021-03-10 08:44:10,ลูกตาลลลล
พนักงานส่งอาหารมรรยาทดีมากครับ,5,FALSE,พนักงานดี,2021-03-10 08:29:34,เอ๋อ๊อฟ
แป้งนุ่ม อร่อย ชอบกินมาก,5,FALSE,ร้านนี้กินเป็นประจำ อร่อยมาก,2021-03-10 03:58:35,EuE21
สั่งอาหารโปรโมชั่นซื้อ 1 แถม 1 ได้อาหารมาไม่ครบได้มาแค่ชุดเดียว ติดต่อทางเมลแจ้งปัญหาก็ทำได้แค่ส่งอีเมล ไม่มีการติดตาม ติดต่อกลับใด ๆ,1,FALSE,แย่ค่ะ ได้สินค้ามาก็ไม่คาบไม่มีการติดต่อกลับ,2021-03-10 07:47:57,งงงวยงงงวยย
พนักงานบริการดีมาก ส่วนร้านทำช้ามาก,5,FALSE,บริการ,2021-03-09 16:03:08,ขสั
การเติมเงินควรปรับอัตราขั้นต่ำในการเติมจากเดิม300เป็น100บาท,4,FALSE,การเติมเงิน Rabbit Line pay,2021-03-10 02:50:20,Noname Line Man
อร่อยมากค่ะส่งไวมาก,5,FALSE,ยำ,2021-03-09 12:48:28,Ann An An
ยกเลิกออเดอร์ครั้งแรกเจ้าหน้าที่ให้คำแนะนำดีค่ะ ทั้งเจ้าหน้าที่คนขับและCustomer service,5,FALSE,ยกเลิกออเดอร์,2021-03-09 12:15:32,Noey_NN
เยี่ยม,5,FALSE,ไรเดอร์บริการดี สุภาพ รวดเร็ว,2021-03-09 07:41:46,ตาลตะวัน
"พนง.ส่งใส่แมส จัดส่งรวดเร็ว พูดจาสุภาพ
ขอให้รักษามาตรฐานแบบนี้ตลอดไปนะคะ",5,FALSE,แนะนำเพื่อบริการที่ดีขึ้น,2021-03-09 06:41:43,garena1412
มีส่งฟรีดีมากๆ,5,FALSE,แอพโคตรดี,2021-03-09 04:42:18,ดนุวัฒน์
จัดส่งเร็ว คนขับสุภาพ,5,FALSE,ความคิดเห็น,2021-03-08 12:17:51,ลูกตาลซ่า
พิมพ์ร้านเพื่อค้นหาตำแหน่งในแผนที่ไม่นะครับ ปรับปรุงแอฟด่วนครับ,1,FALSE,ค้นหาตำแหน่งในแผนที่,2021-03-09 02:26:27,Red Prelude
ไม่ให้โชยุ,5,FALSE,สั่งซุชิไป10ชิ้น ไม่ให้โชยุ,2021-03-08 10:38:56,Tahwannnnn
ขับรถไม่คำนึงถึงคนร่วมใช้ถนน ชอบปาด มีช่องนิดนึงก็ปาดแถม ขับรถแย่อันตรายกับคนอื่น รู้ว่ารีบแต่ช่วยห่วงชีวิตคนอื่นบ้าง ตัวเองไม่กลัวตายใช่ว่าคนอื่นจะอยากตายด้วยนะ มีการขับตามมาด่าคนอื่นด้วย เป็นพฤติกรรมที่น่ากลัวมาก ทั้งๆที่ตัวเองเเซงซ้ายขึ้นมาเราหลบรถทางขวาทำให้เบียดกัน,1,FALSE,คนส่งอาหารขี่รถเเย่มาก,2021-03-08 10:43:59,mummee!!!
บริการดีมาก,5,FALSE,บริการดี ขับส่งสุภาพ พูดจาดีมาก ถูกใจค่ะ,2021-03-08 07:43:39,ปุ๊ก เมกาโฮมโรจนะ
รวดเร็ว,5,FALSE,บริการดีคะ,2021-03-08 06:09:18,เบียร์นะค่ะ
พนักงานสุภาพและบริการดีมากค่ะ,5,FALSE,ชื่นชมพนักงาน,2021-03-08 05:04:53,Wanwisa.kh
สะดวกดี รวดเร็วทันวจ พนักงานไลน์แมนอัธยาศัยดึ,5,FALSE,สะดวกดีพนักงานไลน์แมนอัธยาศัยดี,2021-03-08 03:46:07,???
รวดเร็วทันใจมาถูกที่โดยไม่ต้องโทถาม,5,FALSE,ไรเดอร์,2021-03-07 17:58:04,เชน เจะหลง
ดี,5,FALSE,ดี,2021-03-07 12:11:24,10ดี
สั่งประจำดึกๆหิวก็มาส่ง ค่าส่งราคาถูก พนักงานน่ารักพูดจาดี,5,FALSE,บริการดีชอบมาก,2021-03-07 09:35:24,SUN0faBeach
ติดตามความคืบหน้าสะดวก,5,FALSE,บุคลิกพนักงานดี ดูสะอาดน่าใช้บริการ,2021-03-06 11:16:49,khing_kat
พัฒนาแอปดีๆหน่อย เข้าระบบก็ไม่ได้ สั่งซื้อก็ไม่ได้,1,FALSE,แอปล่ม,2021-03-07 04:30:31,cececeo
กดสั่งอาหารไป แต่ไม่สามารถดูหน้าออดอร์ได้ เลยไม่รู้ว่าที่สั่งไป มันสั่งไปหรือยัง จะสั่งใหม่ก็กลัวจะซ้ำ ช่วยปรับปรุงด้วยค่ะ อุตส่าห์หนีจากแอพอื่นมาสั่งแอพนี้,3,FALSE,อัพเดตล่าสุดแล้วมีปัญหา,2021-03-07 04:19:21,pkanveudhcjsma
สั่งอาหารไปแล้ว ไม่ขึ้น ongoing ใด ๆ แถมหักเงินไปแล้ว ลบแอพโหลดใหม่ ล่าสุด log in ไม่ได้ ช่วยแก้ปัญหาด้วยจร้าา,1,FALSE,แอพ สู่ขิตแล้ว 1,2021-03-07 04:12:24,Femmea Denver
แอปมช้ไม่ได้ค่ะ ลบโหลดใหม่ เข้าออกหมดแล้ว,2,FALSE,แอปใช้ไม่ได้,2021-03-07 03:42:31,สุ่ยสุ่ย
คือกําลังจะสั่งตอนวันหยุดก็มาล่ม เเล้วจะกินอะไร,1,FALSE,เเอปล้ม,2021-03-07 03:25:25,Ij4961237
ค้าง ช้า คลิกอะไรก็หมุนค้างไม่ขึ้นรูป,1,FALSE,ค้าง ช้า คลิกอะไรก็หมุนค้างไม่ขึ้นรูป,2021-03-07 03:06:15,pleeeeeeeeeeeuuuuuu
หิวข้าวจะตาย มาให้อัพเดทเเอพ,1,FALSE,ตั้งเวลาอัพเดทเเอพเป็นเวลากลางคืนสิ,2021-03-07 01:08:31,benyatip ch
"ในบิลโทรศัพท์ยอดมัน 258 บาทเพราะลดไป 10 บาท
แต่ในบิลร้านอาหาร 268 ซึ้งมันไม่ตรงกับการสั่งของออนไลน์เลยงงว่ามันไม่ตรงกัน แต่คนส่งบริการดีเลยไม่ติดใจอะไร",4,FALSE,การจ่ายตัง,2021-03-06 14:00:36,ssssssjiyt
คนขับสุภาพครับ. เร็วด้วย. ดีมากๆครับทุกอย่าง,5,FALSE,การสั่งอาหารร้านป้าอ้วนข้าวขาหมู,2021-03-06 09:33:23,จุ๋มกชกร. แก้วศรี
ควรมีให้กดทิปคนขับในระบบโดยตัดบัตรครับ,5,FALSE,ควรมีให้กดทิปคนขับในระบบโดยตัดบัตร,2021-03-06 08:13:46,Borobo35
จัดส่งรวดเร็วทันใจมากค่ะ??,5,FALSE,ไลน์แมน,2021-03-06 07:46:51,ปูเป้บ้านสุพัฒน์กมล
ดีมาก,5,FALSE,ให้คะเเนน,2021-03-06 04:56:03,เจลเจล
ดี,5,FALSE,โอเค,2021-03-06 04:23:39,วาวา วาณิการ
บริการดีเยี่ยม,5,FALSE,บริการดีมาก,2021-03-06 03:54:39,แพร17
จัดส่งเร็ว พนักงานบริการสุภาพ,5,FALSE,จิรายุส,2021-03-05 20:59:11,วิวลี้
อาหารอร่อยมาก ของส่งตรงเวลา รวมคืออร่อยมากค่ะ??,5,FALSE,มะตะบะไก่,2021-03-05 17:49:32,ยากแม่มันแท้
Very good service. Helpful person.,5,FALSE,Good,2021-03-05 08:41:29,Shee15
อร่อยค่า,5,FALSE,คุณภาพดีค่ะ,2021-03-04 09:50:54,Nong supranee
คนขับเขาไม่รับรึอะไรหรอคะ รอนานมาก คนขับน้อยรึเขาไม่รับออเดอร์ หงุดหงิดค่ะ,3,FALSE,รอline man นานมาก,2021-03-05 05:49:01,แก้ไขนะคะ ปรับปรุงด้วย
เดวนี้ เอานักเลงมาส่งของด้วย ปากหมาชิบหาย,1,FALSE,คนส่งอาหารปากหมา  เอาไป ดาวเดียวพอ,2021-03-05 05:07:42,จีเอมตวายๆ
ไม่ถึง 3 กิโลด้วยซ้ำ ค่าส่ง 35 แน่ะ หลังๆหลายร้านที่อยู่ในระยะแต่เดิมค่าส่งฟรีหรือไม่เกิน 20 บาท ปัจจุบัน 39-50+ ทั้งนั้น จ.อยุธยา ถ้ายังแพงขี้นแบบนี้คงลบแอพแล้วล่ะ,3,FALSE,ค่าส่งแพงไป,2021-03-04 13:27:55,Wendys
บริการดีเยี่ยม ค่าส่งเป็นกันเองมากคับ,5,FALSE,บริการดี ค่าส่งถูก ชอบมากเลยคับ,2021-03-04 05:44:10,วสุวัตน์
สั่งง่าย ส่งเร็วมาก สะดวกสบายมากค่ะ,5,FALSE,ดีมากค่ะ,2021-03-04 05:06:48,ยัยเกด
ทำแอพมาได้ดีเลยค่ะ การใช้งานเข้าใจง่าย ชอบฟังชั่นที่เพิ่มคนละครึ่งกับเราชนะมาให้มากค่ะ เหมาะสำหรับคนที่อยากสั่งอาหารแต่ไม่อยากออกไปข้างนอกแล้วยังจ่ายผ่านโครงการอีกได้อีก พัฒนาต่อไปนะคะ,5,FALSE,การใช้งาน,2021-03-04 02:36:21,n_u_t
บริการดี พูดจาสุภาพ ส่งเร็วมาก,5,FALSE,Katty,2021-03-03 13:47:18,แคท 39
สบริการดี,5,FALSE,พนักงานดีสุภาพค่ะ,2021-03-03 05:13:55,หนูปู
น้ำซุปดำอร่อยมากค่ะ,5,FALSE,ชาบูววว,2021-03-02 08:32:12,ะอ้ยา
"รับพนักงานขี้เกียจมาทำงาน อ้างบริษัทไม่ให้เข้าตึกเสี่ยง , ที่จอดรถไม่มี , ให้ลูกค้ารอโดยอ้างจะไปถึงเร็ว ... แต่ไม่เข้าใจว่า ทั้งไลน์แมนเอง และขนส่งเจ้าอื่นๆ ส่งของกันเต็มไปหมด ... ควรปฏิบัติให้เป็นมาตรฐานเดียวกัน (คุยกับเพื่อนบ้างเนาะ)",1,FALSE,พนักงานไม่มีใจบริการ,2021-03-02 10:52:48,blackspiderz
น้องไลน์แมนสุภาพน่ารักค่ะ,5,FALSE,น้องไลน์แทนสุภาพน่ารักค่ะ,2021-03-02 07:54:29,นูรินา
มีให้ใช้เราชนะได้ดีมาหเลยค่ะ,5,FALSE,สะดวกสบาย,2021-03-02 04:47:11,หมูมิ้ว
รวดเร็ใ,5,FALSE,บริการดี ยิ้มแย้ม รวดเร็ว ตรงตามที่สั่ง,2021-03-01 19:41:47,wat1667
มันร่มเข้าไม่ได้หิวด้วยครับเริ่มโมโหหิวแล้วน่ะรีบๆแก้ไขด้วยน่ะครับกำลังหิว,5,FALSE,ระบบเป็นไรครับ,2021-03-01 17:26:48,Moriskim
บริการดี คนขับสุภาพ อาหารถูกต้อง จัดส่งในเวลารวดเร็ว,5,FALSE,บริการดี คนขับสุภาพ อาหารถูกต้อง จัดส่งในเวลารวดเร็ว,2021-03-01 13:24:46,จูน ณัฐจารวี
คุณลุงกะคุณป้าน่ารักมากมาส่งสองคนเลย????????,5,FALSE,??,2021-03-01 07:35:19,zotus_wns
บริการดีถูกใจมาก,5,FALSE,อเมซอน,2021-03-01 03:35:07,nutput1028
คนขับสุภาพมากพูดจากดี เเต่อาหารรสชาติเเย่ไม่อร่อยจืดหมูก็เเอบมีกลิ่นเหม็นๆ เเล้วสั่งข้างผัดเหมือยได้ต้มผัดน้ำมันคือน้ำมันเยอะมาก เหมือนกินข้าวกับน้ำมัน เเล้วที่รับไม่ได้เลยคือรสชาติจืดมากเเย่มาก ขนาดใส่ทั้งมะนาวน้ำปลาหมดถุงยังไม่ได้ถึงรสชาติ จืดยิ่งกว่าน้ำเปล่า หมาไม่เเดก จะเป็นรอบสุดท้ายที่สั่งค่ะ (นี่ด่าร้ายอาหารนะคะ ส่งนตัวเรื่องคนขับการส่งดีค่ะ) พูดจาดี ส่งไว,5,FALSE,อาหารรสชาติเเย่ชิบหาย,2021-02-28 16:51:31,จืดกว่าน้ำเปล่าก็น้ำผัดร้านนี้
คนขับสุภาพดีค่ะ พูดเพราะ ส่งเร็ว อาหารถูกต้องตามที่สั่งค่ะ,5,FALSE,????,2021-02-28 16:12:34,กันติยา(เก้า)
????????ทิพย์,5,FALSE,บริการดี  รวดเร็ว,2021-02-28 11:32:37,tip ทิพ
กาแฟอร่อยมากคะ กลมกล่อม รักษามาตรฐานได้ดีมากคะอร่อยมากคะ รักษามาตรฐานได้ดีมากคะ,5,FALSE,กาแฟอร่อยมาก,2021-02-28 09:25:22,watinan
ดีนะ แต่ตอนนี้เข้าสั่งอาหารไม่ได้เลย เกิดอะไรขึ้น คอลเซนเตอร์ก็ไม่รับสาย งงหนักมาก,1,FALSE,แอป,2021-02-28 09:37:32,ริศรา
แล้วจะใช้บริการอีกครับ,5,FALSE,สั่งอาหาร,2021-02-28 08:51:15,numscib
ข้าวเหนียวอร่อย มะม่วงดีเลิศค่ะ,5,FALSE,ข้าวเหนียวมะม่วงอร่อยมาก ไม่หวาน,2021-02-28 07:41:35,โมนิกา
ทำดีครับ มาส่งเรานี้เกรงใจเลย ไหว้โค้งไปอีก,5,FALSE,พนักงานส่งอาหารสุภาพมาก,2021-02-28 06:26:26,ปลาทู ณ.ระยอง
จัดส่งฟรี เป็นโปรที่ดีมากๆ ค่ะ,5,FALSE,ส่งฟรีดีมาก,2021-02-28 06:03:52,llenkja
อยากให้มีระบบเติมเงินในแอพแล้วเลือกกดซื้อของได้เลย,5,FALSE,อยากให้มีระบบเติมเงินในแอพ,2021-02-28 02:16:40,krungkasem
พอสั่งเสร็จแอปเด้งออกจากระบบ พอเข้าสู่ระบบใหม่ก็ไม่ได้,2,FALSE,สั่งของเสร็จแอปเด้งออกจากระบบ,2021-02-28 04:22:46,pat. j
จัดส่งอาหารได้รวดเร็ว พนักงานสุภาพ อาหารตรงตามที่สั่ง เยี่ยมเลยค่ะ,5,FALSE,การจัดส่งอาหาร,2021-02-27 13:01:05,คุณนุ๊ก
App ใช้ง่าย และ สะดวกรวดเร็วมากๆๆๆๆๆ ไม่ซับซ้อน กดง่ายสุดๆ,5,FALSE,App ดี มีร้านเยอะ,2021-02-27 11:30:42,Hahaha678
เร็วมากกก รอเเค่10นาที เอง,5,FALSE,ส่งเร็ว,2021-02-27 09:53:16,Leo20koi
บางที่ค่าส่งแพงมาก,5,FALSE,ค่าบริการ,2021-02-26 11:27:01,Marymag C.
ผมสั่งเครื่องดื่มจากร้านน้ำร้านนึง ได้เขียนไปตอนสั่งว่าแยกน้ำแข็ง แต่ทางร้านไม่ได้ทำตามที่บอก โทรไปถามทางร้าน ทางร้านบอกว่า ไม่ขึ้นในorderของเค้าว่าให้แยกน้ำแข็ง อยากฝากทางline manช่วยตรวจสอบว่าเป็นที่ระะ หรือทางร้านไม่เห็นnoteว่าให้แยกน้ำแข็งจริงๆ ขอบคุณครับ,4,FALSE,ร้านค้าทำไม่ตรงorder,2021-02-27 05:12:32,Fisherfrank
อาหารอร่อย คุณภาพดีค่ะ,5,FALSE,การบริการดี,2021-02-26 08:18:18,ใจ ใจ
คนขับสุภาพ รวดเร็ว อาหารตรงตามที่สั่ง,5,FALSE,ชื่นชม,2021-02-26 05:56:37,ย้องแก้มท์
ส่งของรวดเร็วมาก ได้ของครบ พนักงานมารยาทดี,5,FALSE,การส่งของ,2021-02-26 05:14:06,โบวี่ อะโล๊น อะโลน
"เพิ่งจะใช้บริการสั่งอาหารทางแอพเป็นครั้งแรก ที่มีความคิดที่จะสั่ง line man เพราะสแกนจ่ายเราชนะได้

หลังจากได้ทดลองสั่งอาหาร และสแกนจ่ายผ่านเราชนะแล้ว ใช้งานง่าย ไม่ยากอย่างที่คิด 

การส่งเร็วมาก ค่าส่งก็ฟรี 

สรุปพอใจมาก กับการใช้งานแอพครั้งนี้ค่ะ",5,FALSE,ได้ใช้งานแอพครั้งแรก เพราะมีสแกนจ่าย เราชนะ,2021-02-26 04:59:21,YooyYui
ตรงเวลา,5,FALSE,ส่งตามเวลา,2021-02-26 04:58:01,อ็อดชาตรี
ส่งเร็ว,5,FALSE,ส่งเร็ว,2021-02-26 02:41:42,นิกกี้ นนท์
Good choice,5,FALSE,Comment Line Man,2021-02-26 02:13:31,Trogons llama
บริการดีส่งไวพนักงานพูดจาไพเราะสุภาพ,5,FALSE,บริการดีส่งไวพนักงานพูดจาไพเราะสุภาพ,2021-02-26 01:38:22,kikss1409
มีโปรโมชั่นร่วมกับทางร้านค้า. ได้ราคาพิเศษ สำหรับลูกค้าที่สั่งผ่าน line  คือดี.,5,FALSE,Promotion good.,2021-02-26 01:08:31,pokkypop
สั่ง ส่ง รวดเร็ว ถูกต้อง,5,FALSE,บริการ,2021-02-25 12:26:34,C.SIRISWANGPORN
บ,5,FALSE,บริการดี รวดเร็ว,2021-02-24 19:49:05,เอ นครนายก
บางครั้งร้านค้าทำอาหารผิด ไม่ตรงปก อยากให้แก้ไข,4,FALSE,ร้านค้า,2021-02-25 04:36:41,ชัชญาภา
คนส่ง ยกมือไหว้ ขอบคุณ สุขภาพมากๆคะ ประทับใจมากๆ จะใช้บริการไลนแมทอีกแน่ๆคะ เยี่ยม????,5,FALSE,คนส่ง,2021-02-24 18:23:56,sujittra??
ส่งไว อาหารตรงปก,5,FALSE,พนักงานส่งและร้านค้า,2021-02-24 16:41:19,นางฟ้า พิรุณ
จัดโปรโมชั่นทุกสัปดาห์,5,FALSE,โปรโมชั่น,2021-02-24 11:30:22,kat฿฿
อาหารอร่อยถูกปาก  ราคาไม่แพง,5,FALSE,Minhouse,2021-02-24 10:19:28,Namk2828
คนส่งบริการสุขภาพ คนรับออเดอร์พูดเพราะ,5,FALSE,ชื่นชม,2021-02-24 07:42:25,สมภร
ร้านนี้ใส่ใจลูกค้าดีมากๆคับสั่งที่ร้านหรือสั่งทานที่ไหนก็รสชาดอร่อยเหมือนเดิมคับ,5,FALSE,ร้านนี้อร่อยติดดาวให้เลยคับ,2021-02-24 06:41:24,นุชเอง แล้วจะใครล่ะคับ
จัดส่งไว คนขับสุภาพมากค่ะ,5,FALSE,ความเห็น,2021-02-24 06:07:03,mooiceee
ร้านค้าบางร้านทำของไม่ตรงตามสั่ง สินค้ารายการอาหารไม่ตรงปก น่าจะมีช่องให้ลูกค้าเขียนรีวิวเพื่อจะได้แชร์ประสบการณ์จากร้านค้าที่ซื้อ และร้านค้าจะได้ปรับปรุงด้วย,3,FALSE,น่าจะมีช่องติชมร้านค้า,2021-02-24 06:30:24,พลอยลี่จ้า
บริการดีมากครับ,5,FALSE,การบริการ,2021-02-23 12:48:43,ป๋อง336
พอดีมีสั่งอาหาร โดยเลือกว่าจะใช้คนละครึ่ง แต่ทางร้านแจ้งว่า line man มีปัญหา ทำให้ไม่สามารถใช้ได้... รบกวนตรวจสอบด้วยค่ะ,1,FALSE,ร้านค้าใช้คนละครึ่งหรือเราชนะไม่ได้,2021-02-23 14:07:36,ffonsch
ควรถามเพื่อความมั่นใจก่อนเรียกเก็บเงินบัตรเครดิตที่ผูกไว้,4,FALSE,การชำระเงิน,2021-02-23 11:59:09,Teeesea
อร่อย,5,FALSE,อร่อย,2021-02-23 05:39:10,องุ่น วิ
"น่าจะมีให้ลูกค้าให้คะแนน ผ่านApp Line man น่าจะสะดวกกว่าไปให้คะแนนผ่าน Line
แต่ก็น่าจะมีให้ลูกค้าให้คะแนนร้าน ด้วย ร้านทำไม่ดีคนขับโดนอีกลูกค้าคิดว่าให้คะแนนร้าน",1,FALSE,LINE MAN ทำไม่ให้ลูกค้าให้คะแนนร้านด้วย,2021-02-23 06:55:02,สมาร์ท
ช่วงนี้จะใช้สิทธิ์เราชนะ แต่ QR Code ใช้แสกนไม่ได้ ขอกับทางร้านใหม่หลายรอบ ก็ยังแสกนไม่ได้ จนตัดสินใจจ่ายเป็นเงินสดแทน,1,FALSE,QR Code ใช้ไม่ได้,2021-02-23 05:57:15,Eatfastdieslow
บริการดี,5,FALSE,รวดเร็วดีมาก,2021-02-22 16:14:13,jokegsb
ประทับใจ ส่งไว ได้รับสินค้าตามคำสั่งซื้อ,4,FALSE,สั่งครั้งแรก,2021-02-23 05:25:54,AB Normally
รับออเดอร์เร็ว พูดจาสุภาพ ส่งเร็ว ขอให้บริการระดับตลอดไป,5,FALSE,ความเห็น,2021-02-22 13:04:03,Thavich
ไก่กรอบ อร่อยดี,5,FALSE,ไก่ KFC ยังกรอบ อร่อยเหมือนเดิม,2021-02-22 12:48:27,โทนอ้วน
รวกเร้วมาก,5,FALSE,ขนมอร่อย,2021-02-22 12:08:23,yingyungyeng
เป็นแอปที่ดีครับ เบื่อแกรป ก้มาไลนแมน,5,FALSE,ส่งอาหาร,2021-02-22 11:41:14,yai aj
คนขับสุภาพมาก,5,FALSE,คนรับ,2021-02-22 07:42:59,นิคกี้โฮ
แก้ไขที่อยู่ไม่ได้ ไปจำแต่ที่อยู่คนอื่น พอพิมพ์ที่อยู่เราไปก็ไม่พบข้อมูล เลยสั่งไม่ได้สักที ??????,1,FALSE,แก้ไขที่อยู่ไม่ได้ ไปจำแต่ที่อยู่คนอื่น,2021-02-22 07:56:37,แมวส้มของใคร
เร็วมาก,5,FALSE,ง่ายดีครับ,2021-02-22 07:29:52,แทนใจ
พนง สุภาพ บริการรวดเร็ว และซื่อสัตย์,5,FALSE,พนง line man,2021-02-22 06:58:26,Sanee_Aor
ประทับใจมากๆ,5,FALSE,ให้บริการ,2021-02-22 05:32:34,boontanai
ยริการจัดส่งไวครับผม,5,FALSE,การให้บริการ,2021-02-22 05:20:20,Yahomyfriend
ระบบดี บริหารจัดการ ทำผู้ใช้งานง่าย มีไลน์แมนnotice เชื่อมกันได้เลย สะดวกดี,5,FALSE,ระบบ,2021-02-22 04:01:29,g4gibb
อาหารเยี่ยมบริการส่งรวดเร็ว,5,FALSE,Good service,2021-02-21 09:40:12,TJ.Teera
แอพไม่พร้อมใช้อย่าเปิดใช้งานนะคะ แย่มาก ใครผ่านมาเห็นกำลังตัดสินใจโหลดแอพ ให้ผ่านไปโหลดของที่อื่นนะคะ,1,FALSE,แย่,2021-02-21 12:16:26,aqodnmdis
พนักงานให้บริการรวดเร็วค่ะ,5,FALSE,พนักงานให้บริการรวดเร็ว,2021-02-21 06:54:41,Asnapus
โหลดรูปช้ามาก หงุดหงิด ยิ่งหิวยิ่งหงุดหงิด,2,FALSE,แอปช้า,2021-02-21 08:51:45,pchrin
คนส่งอาหารสุภาพ เรียบร้อย มีการแจ้งเตือนว่าออเดอร์ชำระเงิน(ตัดบัตร)เรียบร้อยแล้ว เพราะทางคนสั่งได้ชำระไปอีกรอบ (เงินสด) พี่เค้าซื่อสัตย์ต่ออาชีพมากๆค่ะ,5,FALSE,คนส่งอาหาร,2021-02-21 06:47:55,รภัฐ
ส่งไวดูตามจีพีเอสป้าเพิ่งสั่งครั้งแรก ไม่เคยสั่ง เว็ปไลน์แมนเข้าใจง่าย,5,FALSE,ข้อคิดเห็น,2021-02-21 06:24:02,ป้านีม
พนักงานขับรถบริการดีมาก ขนส่งอาหารไม่มีชำรุด หก เลยค่ะ,5,FALSE,พนักงานขับรถบริการสุภาพเรียบร้อยดีมากๆ,2021-02-21 06:21:32,มิเวววว
ร้านน่ารักพูดจาเพราะ อาหารอร่อย คนขับสุภาพมารยาทดีมากคะ,5,FALSE,คนขับสุภาพ,2021-02-21 05:35:05,แม่ขวัญ
จนท.น่าจะน้อย รอระบบนานกว่าจะรับออเดอร์ค่ะ,4,FALSE,รอนานขณะรอหาไลน์แมน,2021-02-21 06:13:57,Sugar5555555
คนส่งจัดส่งเร็วสุภาพมากคะบริการดีมาก????????,5,FALSE,บริการ,2021-02-21 03:01:02,Rattikarn09
คุณลุงคนส่งพูดจาดีมากๆเลยคะ อ่อนน้อมมากๆ,5,FALSE,คนส่งของ,2021-02-20 09:35:01,ศศิธรวารนุช
วิภาพร,1,FALSE,ค่าส่งแพงนะค่ะ ยังดีที่พนักงานส่งสุภาพ,2021-02-20 12:55:36,Wipa1
ประทับใจมาก รวดเรว คนขับสุภาพ อาหารยังร้อนอยู่ ยอดเยียม,5,FALSE,ประทับใจ,2021-02-20 08:19:59,หิวตีน
พี่อายุมากใช้แอพไม่ค่อยเป็นเลย ไม่ได้อธิบายเส้นทางมายังที่รับสินค้า เพราะถ้าปักหมุดมันจะเลยตำแหน่งที่ถูกต้องไป ไลน์แมนแนะนำให้บันทึกเพิ่มเติมตรงที่อยู่ เพื่อสะดวกในการสั่งสินค้าครั้งต่อไป เป็นไลน์แมนคนแรกที่พี่ใช้บริการ สุภาพและใจดีกับลูกค้าสูงวัย ทำให้การสั่งอาหารของพี่ดูจะรายรื่นในครั้งต่อไปค่ะ ขอบคุณนะคะ คุณย่าขวัญ,5,FALSE,ไลน์แมนช่วยแนะนำ,2021-02-19 06:00:11,คุณย่าขวัญ
คนขับส่งถูกต้อง สุภาพดีครับ,4,FALSE,คนขับสุภาพครับ,2021-02-20 05:21:32,ram283
ระบบแจ้งว่ามีปัญหา จากฝั่งเป๋าตัง  แต่แอปเป๋าตังใช้งานได้ปกติ แบบนี้มีปัญหาทางฝั่ง lineman นะคะ เปลี่ยน text error เถอะค่ะ,1,FALSE,คนละครึ่ง,2021-02-19 13:08:09,Bpitanas
อยากให้เพิ่มฟังค์ชั่นส่งข้อความคุยกับคนส่งไลน์แมนได้ค่ะ,2,FALSE,เพิ่มฟังค์ชั่น,2021-02-19 06:49:55,ittbea
ระยะทาง นี่ไม่ตรงนะคะ ความเป็นจริง ขับไปทางปกติ แค่ 6km. แต่ในแอพจะสั่งอาหาร บอกร้านห่างจากบ้านเรา 9km. ไปอ้อมทำไม หรือทำเพื่อจะได้ค่าส่งเพิ่ม,3,FALSE,ระยะทางมันแปลกๆมันตรงกับระยะทางจริง,2021-02-19 06:45:24,noonrom48
พนักงานสุภาพ ใส่ใจลูกค้ามากค่ะ ขอชื่นชม,5,FALSE,พนักงานบริการดีมาก,2021-02-18 07:32:18,sarisapot
สิทธิ์เราชนะ ยังใช้ได้ไหมค่ะ ??? วันนี้รอทั้งวัน ยังใช้ไม่ได้เลยค่ะ,1,FALSE,เราชนะ,2021-02-18 15:36:55,Ejnn2602
จัดส่งเร็ว พนักงานบริการดี,4,FALSE,ดี,2021-02-18 13:09:24,ดิวล์
ช่วงนี้มีโปรโมชั่น ลดค่าอาหาร ค่าส่งไปเยอะมากก ออเดอร์ถูกต้อง ครบถ้วน พนักงานส่งอาหารจัดส่งรวดเร็วและชำนาญเส้นทาง,5,FALSE,ดีค่ะ,2021-02-18 05:16:01,วสย
ชานมอร่อยมากค่ะ,5,FALSE,ความอร่อย,2021-02-18 03:40:57,Enjoy??????
การใช้งาน ยังมีความยุ่งยาก ในการ ใส่ codeส่วนลด เวลาสั่งอาหาร เมื่อเปรียบเทียบกับ Grab หรือ Food Panda แต่มีข้อดี คือ ไม่คิดค่าส่ง เหมือน Grab กับ Food Panda,5,FALSE,ความคิดเห็น ต่อ การใช้ App Line,2021-02-18 03:37:25,Ting0044
ตรงตามเวลา,5,FALSE,ดีเยี่ยม,2021-02-17 15:32:53,Joy Wanwisa
รสชาติ?????? จัดส่งรวดเร็วด้วยจ้ะ,5,FALSE,ชมเชย,2021-02-17 10:53:40,nadear14??
พูดจาสุภาพ จัดส่งรวดเร็ว,5,FALSE,ให้คะแนนพนักงาน,2021-02-17 10:45:21,ไอด้าลีนา
บริการประทับใจมากที่สุด,5,FALSE,บริการ,2021-02-17 08:11:08,องค์ชายรัตติกาล
Thanks,5,FALSE,Very good and fast delivery,2021-02-17 07:04:22,Worawut R.
ส่งเร็วข้าวไม่หก,5,FALSE,บริการดี,2021-02-17 04:56:04,??aor??
จะยกเลิกออเดอร์ก็ต้องติดต่อคอลเซ็นเตอร์ แทนที่จะให้กดในแอพเองได้เลย ??,3,FALSE,ยุ่งยาก,2021-02-17 05:37:25,ShopeeCustomer
สั่งกาแฟอเมซอล สาขาPSU Phuket ไกลมาก ตกใจ กดไปสั่งผิดที่ สงสารพนักงานมากเขามาส่งเร็วดี มีอารมณ์ดี สุขภาพมาก ไม่ตำหนิลูกค้าที่สั่งข้ามพื้นที่ไกล #ขอบคุณพนักงานค่ะที่อดทนมาส่งให้ เต็ม 10 ค่ะ,5,FALSE,สั่งครั้งแรก,2021-02-17 02:48:08,นังแคท
จัดส่งเร็วค่ะ คนขับสุภาพมากค่ะ มีการหาที่รองแก้วน้ำมาให้เพื่อไม่ให้น้ำหกระหว่างทาง ขอบคุณมากค่ะ,5,FALSE,ชื่นชม,2021-02-16 13:32:39,Memymayy
สุดยอดครับ,5,FALSE,ดีครับ ระบบดีมากๆ,2021-02-16 09:11:31,winjirat
ดีมาก,5,FALSE,ดี,2021-02-16 07:09:49,Gurrfr
น้องLineman เราปักหมุดผิด ก็ขับตามหาจนส่งเจอและไม่เหวี่ยงสุภาพมากๆจ้า ดีมากเลย,5,FALSE,ชื่นชม,2021-02-16 06:39:21,ใบเฟิล
หลังๆนี่หาไรเดอร์ไม่เจอเลย เสียความรู้สึกมากสั่งตอนแรกๆก็ไม่มีปัญหาอะไร พอหลังๆนี่หาไม่เคยเจอเลย จะขี้เกียจวิ่งอะไรจนาดนั้นเอ่ย,1,FALSE,ไรเดอร์เค้าขี้เกียจวิ่งกันเหรอ,2021-02-16 06:47:23,แย่มากๆแก้ไขด่วน
ให้บริการดีมากค่ะ พนักงานสุภาพ จัดส่งอาหารรวดเร็ว สั่งอาหารไป 10นาทีได้รับแล้ว,5,FALSE,ความเห็น,2021-02-15 13:19:26,tungting renuka
นมเปรี้ยวปีโป้ปั่นอร่อยมากคะ,5,FALSE,น้ำ,2021-02-15 12:37:43,nongsie
ส่งเร็ว คุณภาพอาหารดี และได้นำ้จิ้มตรงด้วย,5,FALSE,ซื้อkfc ผ่านไลน์แมน,2021-02-15 12:14:23,ซุปเปอร์เอ
สุภาพ ส่งไว พูดจาดีมาก,5,FALSE,ให้คะแนนคนส่ง,2021-02-15 11:53:06,มากู
อาหารอร่อย ถูก มีถ้วย ช้อน ซ้อมแบบดีมาให้ด้วย ไม่ต้องมาหาจานกินเอง,5,FALSE,ให้คะแนนร้านอาหาร,2021-02-15 11:07:48,วัธนี
ใช้คนละครึ่งยังไม่ได้เลยค่ะ,3,FALSE,ปัญหาคนละครึ่งล่ม,2021-02-15 05:16:48,loching0987654321
สั่งชานม ไม่โทร ไม่กดกริ่ง รู้ตัวอีกทีโดนบล็อก account บอกติดต่อไม่ได้ ไม่มีคนรับของ สั่งแอปอื่นไม่เคยมีปัญหาเลยจ้า,1,FALSE,งง,2021-02-15 06:42:43,คนรอนานกว่า2ชั่วโมง
Thank you for the service for Thai people,5,FALSE,Best food delivery app with most variety of food!!,2021-02-14 14:19:45,reid21c
"ค่าส่งถูกดีส่งเร็ว
แต่หาไลน์แมนนานชิบหาย รอไปครึ่งชั่วโมงยังหาไลน์แมนไม่ได้",3,FALSE,หาไลน์แมนช้ามาก,2021-02-15 04:58:01,เอายอดวิวคืนมา
ขอบคุณนะค่ะที่มีบริการดีๆแบบนี้,5,FALSE,ให้คะแนน,2021-02-14 09:41:22,กระแตซ่า
จัดส่งเร็ว คนส่งบริการดี สุภาพ อาหารถูกต้องตามสั่ง,5,FALSE,ให้ 10 เต็มค่ะ,2021-02-14 07:08:20,poosee'
ควรมีการชำระโดยการโอนจากผู้สั่ง,4,FALSE,การชำระเงิน,2021-02-14 09:22:18,กรธนา
คนขับทำงานล่าช,1,FALSE,คนขับทำงานล่าช้า ส่งจุดรับของผิด,2021-02-14 07:54:35,นัดนัดชา
ส่งไวมาก,5,FALSE,สิ้นค้า ส่งไวมากครับ,2021-02-14 04:38:45,อุ้ม ครับ
เป๋าตังใช้ได้ปกติเเต่ในไลน์เเมนบอกว่าเป๋าตังมีปัญหา งงมากจะใช้คนละครึ่งเเต่ใช้ไม่ได้ ได้โปรดรับเเก้ไขด้วย คนที่ต้องพึ่งคนละครึ่งเขาลำบาก ทุกคนต้นทุนชีวิตไม่ได้เท่ากัน,2,FALSE,คนละครึ่งใช้ไม่ได้,2021-02-14 05:12:25,เกาหำ
อร่อยมากๆครับ,5,FALSE,อาหาร,2021-02-13 14:38:23,นจา
ง่ายสะดวกสบาย สะดวกสบาย,5,FALSE,เ,2021-02-13 13:16:24,namfonpoy
อาหารอร่อย จัดส่งรวดเร็วดีครับ,5,FALSE,อาหารอร่อย,2021-02-13 08:58:59,คุนชายเอฟ
"สั่งเครื่องดื่มรอบนี้ ค่าส่งแพง
แต่ไรด์เดอน่ารัก คิดราคาที่เราเคยจ่าย ขอบคุณไรด์เดอนะค่ะ ????",4,FALSE,สั่งเครื่องดื่ม,2021-02-13 10:40:38,ฟ.ฟ่าง
รสชาติกล่อมกล่อม ถูกปากมากๆ,5,FALSE,อาหารอร่อย,2021-02-13 08:55:26,nat.j89
จัดส่งเร็ว สะอาดและรสชาติอร่อย ไม่ต้องปรุงเพิ่ม แถมให้เยอะอีกด้วย อยากให้ลองร้านนี้,5,FALSE,รีวิว,2021-02-13 06:26:11,อรอิง
รอคิวนาน นานจนหน้าจอดับ พอหน้าจอดับก็ต้องถามใหม่รอคิวใหม่ จะทำระบบเรียลไทม์ไปทำไมในเมื่อถามเท่าไหร่คำถามก็หายหมด แหม่เป็นมุกแบบตอบไม่ได้เพราะคำถามมาไม่ถึงหรอ พอเอาไปถามในไลน์ระบบอัตโนมัติหรืออะไรสักอย่างอ่านอย่างเร็วแต่ไม่มีคำตอบให้ ทำไว้ทำไม เสียความรู้สึก,1,FALSE,ระบบช่วยเหลือห่วยมาก,2021-02-13 07:53:37,t655555555
ไม่ค่อยมีโปรลดราคาดีๆเท่าไหร่,4,FALSE,โปรบดราคา,2021-02-13 07:07:45,youvava
ดีเยี่ยม,5,FALSE,ปุ้นๆ,2021-02-13 05:16:21,ปุ้นน
คนส่งสุภาพ พูดจาดี ส่งเร็ว เครื่องดื่มดี,5,FALSE,คนส่งสุภาพ พูดจาดี,2021-02-12 04:04:21,sakky sakky
"สะดวกดี ค่าบริการก็สมเหตุสมผล
ขัดใจกะ GPS ไม่ตรงกะตำแหน่งแค่นั้นเอง
ที่เหลือโดยรวมโอเคครับ",4,FALSE,ชอบครับ,2021-02-12 09:54:30,Tom491020
สะดวกสบายในการสั่งอาหาร,5,FALSE,แอหนี้ดีจริง,2021-02-12 03:11:10,เปานะจ๊ะ
อาหารรสชาติดี ไม่ช้าไป อร่อยเหมือนกินข้าวบ้าน??,5,FALSE,ต้องสั่ง!!,2021-02-11 09:49:14,Grosh.
ดีกว่าแกร็ปมาก มุดตรง จัดส่งไว,5,FALSE,ความ special,2021-02-11 05:47:12,Pii muay
จัดส่งไวทันใจจริงๆครับ,5,FALSE,จัดส่งไวทันใจ,2021-02-11 02:09:50,Surachai2965
ถูกใจมากค่ะ ส่งเร็วดี,5,FALSE,เด็กเเว๊นสมัยยนี้ ต้องยอมแพ้ LINE MAN ขี่ส่งเร็วมากก,2021-02-10 12:46:08,นาบี ??
สะดวก ปลอดภัย บริการดี ขนส่งสุภาพ มีโปรดีๆเพียบ ขอบคุณนะคะ,5,FALSE,บริการประทับใจมาก,2021-02-10 09:04:28,เอ้อ้อม
พัฒนาต่อไปนะครับ,5,FALSE,ดีมากครับ,2021-02-10 06:57:16,l3igkrub
เร็วมาก,5,FALSE,ส่งเร็วมากๆๆๆๆๆ,2021-02-10 04:46:46,ต้อม จิ
อยากให้เพิ่มพื้นที่การจัดส่งค่ะ,4,FALSE,ถ้าในพื้นที่นี้มีร้านวห้เลือกเยอะกว่านี้จะดีมากเลยค่ะ,2021-02-10 06:23:37,gjsneiekehsuus
ไลเเมนพูดเพราะคะ,5,FALSE,ไลเเมน,2021-02-09 13:25:48,เเพนพัชร
จัดส่งเร็วมาก ชอบรักเลย,5,FALSE,สุภาพ,2021-02-09 08:26:09,OAT VC
จัดส่งเร็ว คุณภาพดี,5,FALSE,จัดส่งรวดเร็ว,2021-02-09 03:44:06,bank_siri
น่าจะมากกว่าเจ้าอื่นนะ  ลองดูครับ  ดีจริง,5,FALSE,คิดถึงลูกค้า,2021-02-08 14:23:34,Dodotai
"Overall service is alright, but the location is the thing you need to work on a bit.",5,FALSE,Need to focus on location pin,2021-02-08 10:15:58,Wootton1995
ดีมากคะ,5,FALSE,บริการเร็วมากคะ,2021-02-08 08:49:34,Toontoonbkk
คนจัดส่งสุภาพและเป็นมิตรทุกคนเลยค่ะ,5,FALSE,พนักงาน,2021-02-08 07:47:01,SomOh
คนขับนอบน้อมมากค่ะ,5,FALSE,คนขับนอบน้อมมากค่ะ,2021-02-08 06:42:00,sirimathaipbs
ดี,5,FALSE,ไม่เสียค่าส่งพนักงานบริการดี,2021-02-08 06:37:05,nunidnidnoi
คนขับลุภาพ ???? รสชาดดี จัดล่งเร็ว และ ค่าส่งไม่แพง,5,FALSE,คนขับ,2021-02-08 06:11:07,Nid thanatsiree
บริการดีกว่าเจ้าอื่น รวดเร็ว ทางการ สะอาด(บางคน),5,FALSE,บริการ,2021-02-08 06:05:06,Karogp
การค้นหาควรให้เสถียรมากกว่านี้. ค้นหาง่ายๆ,4,FALSE,ค้นหาไม่ค่อยเจอทั้งๆที่พิมพ์ชื่อร้านถูกต้อง เลือกประเภท,2021-02-08 04:28:32,คอมเม้นนิสสสนะ
เราจ่ายเงินไปกับบัตรแล้วเผลอจ่ายพี่ไลน์แมนอีก แต่เขาก็ได้แจ้งว่า เราจ่ายแล้ว ขอบคุณค่ะ,5,FALSE,ความซื่อสัตย์,2021-02-08 03:21:09,โอ๋ทิพย์
จัดส่งครบถูกต้องค่ะ,5,FALSE,ดีค่ะ,2021-02-08 01:43:39,Olive_Ok
เร็วมากค่ะ,5,FALSE,เร็วมาก,2021-02-08 00:31:18,Jakajun
รายการของตรง สะอาดไม่หกเลอะเทอะ,5,FALSE,ที่อยู่ในแผนที่ ระบุเองง่ายกว่าแอปอื่นๆ,2021-02-07 13:47:00,เพ็
พนักงานมารยาทดีมากๆ ตัดส่งเร็ว,5,FALSE,รีวิว,2021-02-07 13:46:21,กิ๋ววว
คนส่งสุภาพมากๆ ลืมให้ทิปไปเลย อาหารอร่อยค่ะส้มตำได้ดั่งใจมากชอบค่ะ วันหลังต้องสั่งเพิ่มแน่นอนค่ะ ร้านอาหารให้ฟรีอีก1ครก น่ารักมากค่ะ ลองดูกันได้นะคะ,5,FALSE,บริการอาหารที่ดี,2021-02-07 11:35:05,J JJINJIN
????,5,FALSE,อาหารอร่อยคุณภาพดี คุ้มราคาครับ,2021-02-07 10:41:45,somethingtruthz
ถูกใจกับการบริการพูดเพราะ สุภาพ,5,FALSE,การบริการ,2021-02-07 09:49:22,นกสายเปย์ โก๋พันลำ
??,5,FALSE,คนส่งน่ารักค่ะ??,2021-02-07 06:23:05,ดาดี่
บริการดี จัดส่งไวมากคะ ประทับใจมาก,5,FALSE,สั่งครั้งแรก,2021-02-07 05:23:07,minalinnnnn
พรักงานส่งอาหารมีความสุภาพมาก บริการดี,5,FALSE,Excellent Service,2021-02-07 05:08:33,Uorrarat
ร้านค้าเยอะ,5,FALSE,บริการดี,2021-02-07 01:21:22,จิตติมา โอ
สุภาพมากๆ เป็นสุภาพสตรี ส่งไวด้วย เข้าใจง่าย สุดยอด,5,FALSE,คนส่งของ,2021-02-06 15:13:57,บูม_8
Fast delivery and food quality,5,FALSE,Good app,2021-02-06 07:40:01,Bee Chavez
อยากให้มีการส่งข้อความคุยกับไรเดอร์ค่ะ,4,FALSE,เพิ่มแชทข้อความ,2021-02-06 12:24:50,happyntj21
อยากให้มีระบบจ่ายเงินแบบพร้อมเพย์,5,FALSE,ระบบจ่ายเงิน,2021-02-06 03:35:33,Ohmsupakorn
พนักงานบริการดีมากๆค่ะ,5,FALSE,บริการดี,2021-02-06 02:59:05,รัตนาวดีเพ็ญ
แอบดีใช้ง่ายพนักงานสุภาพส่งของไวรวมแล้วดีค่ะ,5,FALSE,ดี,2021-02-06 02:05:15,spn.pk
ได้รับของเร็ว ออเดอร์ตรงตามที่สั่ง คนขับพูดจาสุภาพค่ะ,5,FALSE,????,2021-02-05 13:05:39,no pond ka
อยากให้สั่งได้มากกว่า1ร้านค้า และควรมีรีวิวร้านค้าเพื่อให้คนติชมเพื่อช่วยตัดสินใจเลือกร้านนั้นๆ,4,FALSE,ติชม,2021-02-05 14:35:31,fuuzaa
